sku,ean,brand,product_name,description,category,size,color,price,list_price,availability,image_url,deeplink_url
S0-00000,4533356940935,G-Star,G-Star Print Tee,"G-Star Print Tee. klassische Passform, Kurzarm. V-Ausschnitt, Grafik-Print. Material: 95% Baumwolle, 5% Elasthan.",T-Shirts,XXL,mittelblau,75.01,75.01,in stock,https://picsum.photos/seed/0-0/400/500,https://awin-tracking.example.com/click?sku=S0-00000
S0-00001,,Puma,Puma Trail Trainer,"Puma Trail Trainer. Canvas-Obermaterial, Schaumstoffsohle. Slip-On, niedriger Schaft.",Sneaker,45,mittelblau,47.72,65.16,in stock,https://picsum.photos/seed/0-1/400/500,https://awin-tracking.example.com/click?sku=S0-00001
S0-00002,4761946100998,Levi's,Levi's Classic Tee,"Levi's Classic Tee. entspannte Passform, Langarm. Rundhalsausschnitt, unifarben. Material: 100% Baumwolle. Bio-Baumwolle.",T-Shirts,XL,mittelblau,50.93,100.31,in stock,https://picsum.photos/seed/0-2/400/500,https://awin-tracking.example.com/click?sku=S0-00002
S0-00003,4336171026274,Calvin Klein Jeans,Calvin Klein Jeans Basic Crew,"Calvin Klein Basic Crew. Oversized Fit, Short Sleeve. V-Neck, unifarben. Material: 100% Baumwolle. Bio-Baumwolle.",T-Shirts,S,mittelblau,110.07,110.07,in stock,https://picsum.photos/seed/0-3/400/500,https://awin-tracking.example.com/click?sku=S0-00003
S0-00004,,G STAR,G STAR Classic Tee,"G-Star Classic Tee. schmale Passform, Langarm. V-Ausschnitt, Graphic Print. Material: 100% Baumwolle. Bio-Baumwolle.",T-Shirts,M,schwarz,87.29,107.69,in stock,https://picsum.photos/seed/0-4/400/500,https://awin-tracking.example.com/click?sku=S0-00004
S0-00005,4587156468494,Calvin Klein,Calvin Klein Relaxed Straight,"Calvin Klein Relaxed Straight. super enge Passform, Low Waist. Bootcut, schwarz. Material: 80% Baumwolle, 18% Polyester, 2% Elasthan. Verschluss: Knopfleiste.",Herrenjeans,W30/L36,khaki,57.17,57.17,in stock,https://picsum.photos/seed/0-5/400/500,https://awin-tracking.example.com/click?sku=S0-00005
S0-00006,4275098568281,G-Star RAW,G-Star RAW Basic Crew,"G-Star Basic Crew. Oversized Fit, Long Sleeve. Rundhalsausschnitt, unifarben. Material: 95% Baumwolle, 5% Elasthan.",T-Shirts,S,indigo,15.57,21.90,out of stock,https://picsum.photos/seed/0-6/400/500,https://awin-tracking.example.com/click?sku=S0-00006
S0-00007,4334788945402,New Balance,New Balance Retro Sneaker,"New Balance Retro Sneaker. Mesh Upper, Rubber Sole. Klettverschluss, High-Top.",Sneaker,46,indigo,69.90,123.02,in stock,https://picsum.photos/seed/0-7/400/500,https://awin-tracking.example.com/click?sku=S0-00007
S0-00008,4472403587152,NEW BALANCE,NEW BALANCE High Top,"New Balance High Top. Synthetic Upper, Rubber Sole. Schnürsenkel, High-Top.",Sneaker,42,mittelblau,57.49,82.22,in stock,https://picsum.photos/seed/0-8/400/500,https://awin-tracking.example.com/click?sku=S0-00008
S0-00009,,Tommy Hilfiger,Tommy Hilfiger Classic Tee,"Tommy Hilfiger Classic Tee. Relaxed Fit, Sleeveless. Rundhalsausschnitt, gestreift. Material: 100% Baumwolle. Bio-Baumwolle.",T-Shirts,XXL,grau,33.20,33.20,in stock,https://picsum.photos/seed/0-9/400/500,https://awin-tracking.example.com/click?sku=S0-00009
S0-00010,4770013412146,JACK JONES,JACK JONES Polo Shirt,"Jack & Jones Polo Shirt. Relaxed Fit, Short Sleeve. Rundhalsausschnitt, Graphic Print. Material: 95% Baumwolle, 5% Elasthan.",T-Shirts,XL,dunkelblau,67.61,67.61,in stock,https://picsum.photos/seed/0-10/400/500,https://awin-tracking.example.com/click?sku=S0-00010
S0-00011,,Hugo Boss,Hugo Boss Loose Tapered,"BOSS Loose Tapered. Straight Fit, Mid Waist. Flared, Black Denim. Material: 80% Baumwolle, 18% Polyester, 2% Elasthan. Verschluss: Knopfleiste.",Herrenjeans,W32/L36,grau,109.12,109.12,in stock,https://picsum.photos/seed/0-11/400/500,https://awin-tracking.example.com/click?sku=S0-00011
S0-00012,4550925102373,adidas Originals,adidas Originals Retro Sneaker,"Adidas Retro Sneaker. Canvas-Obermaterial, Schaumstoffsohle. Slip-On, High-Top.",Sneaker,43,mittelblau,132.73,132.73,out of stock,https://picsum.photos/seed/0-12/400/500,https://awin-tracking.example.com/click?sku=S0-00012
S0-00013,4922019090774,TOMMY HILFIGER,TOMMY HILFIGER Polo Shirt,"Tommy Hilfiger Polo Shirt. oversize fit, Short Sleeve. Polo Collar, Graphic Print. Material: 95% Baumwolle, 5% Elasthan.",T-Shirts,M,grau,37.19,72.70,in stock,https://picsum.photos/seed/0-13/400/500,https://awin-tracking.example.com/click?sku=S0-00013
S0-00014,,NIKE,NIKE Runner,"Nike Runner. Wildleder, Foam Sole. Lace-Up, hoher Schaft.",Sneaker,43,schwarz,95.71,104.92,in stock,https://picsum.photos/seed/0-14/400/500,https://awin-tracking.example.com/click?sku=S0-00014
S0-00015,4544145185035,Tommy Hilfiger Denim,Tommy Hilfiger Denim Polo Shirt,"Tommy Hilfiger Polo Shirt. klassische Passform, Long Sleeve. Rundhalsausschnitt, Striped. Material: 100% Cotton.",T-Shirts,L,schwarz,64.23,72.50,in stock,https://picsum.photos/seed/0-15/400/500,https://awin-tracking.example.com/click?sku=S0-00015
S0-00016,4566355478456,Pepe Jeans,Pepe Jeans Slim Tapered,"Pepe Jeans Slim Tapered. slim cut, tief sitzend. verjüngtes Bein, Light Wash. Material: 100% Baumwolle. Verschluss: Knopfleiste. Bio-Baumwolle. Stretchanteil für hohen Tragekomfort.",Herrenjeans,33x36,khaki,72.86,72.86,in stock,https://picsum.photos/seed/0-16/400/500,https://awin-tracking.example.com/click?sku=S0-00016
S0-00017,4317516936790,REPLAY,REPLAY Slim Tapered,"Replay Slim Tapered. klassische Passform, Low Waist. Bootcut, Mid Wash. Material: 99% Cotton, 1% Elastane. Verschluss: Knopfleiste.",Herrenjeans,32x30,dunkelblau,28.35,28.35,preorder,https://picsum.photos/seed/0-17/400/500,https://awin-tracking.example.com/click?sku=S0-00017
S0-00018,4709174117091,Vans,Vans High Top,"Vans High Top. Canvas-Obermaterial, Luftpolster-Sohle. ohne Verschluss, niedriger Schaft.",Sneaker,46,grau,51.65,56.71,in stock,https://picsum.photos/seed/0-18/400/500,https://awin-tracking.example.com/click?sku=S0-00018
S0-00019,4207805919610,NB,NB Low Top Icon,"New Balance Low Top Icon. Synthetic Upper, Foam Sole. Lace-Up, niedriger Schaft.",Sneaker,42,khaki,97.26,97.26,in stock,https://picsum.photos/seed/0-19/400/500,https://awin-tracking.example.com/click?sku=S0-00019
S0-00020,,NIKE,NIKE Court Classic,"Nike Court Classic. Canvas-Obermaterial, Foam Sole. Lace-Up, hoher Schaft.",Sneaker,42,schwarz,103.08,103.08,out of stock,https://picsum.photos/seed/0-20/400/500,https://awin-tracking.example.com/click?sku=S0-00020
S0-00021,4209893341015,Jack&Jones,Jack&Jones Longsleeve Tee,"Jack & Jones Longsleeve Tee. Slim Fit, Langarm. V-Neck, Grafik-Print. Material: 100% Baumwolle. Bio-Baumwolle.",T-Shirts,S,schwarz,73.88,110.32,in stock,https://picsum.photos/seed/0-21/400/500,https://awin-tracking.example.com/click?sku=S0-00021
S0-00022,4730094678828,TOMMY HILFIGER,TOMMY HILFIGER Polo Shirt,"Tommy Hilfiger Polo Shirt. Oversized Fit, Kurzarm. V-Neck, Plain. Material: 95% Baumwolle, 5% Elasthan.",T-Shirts,XXL,indigo,129.28,141.91,in stock,https://picsum.photos/seed/0-22/400/500,https://awin-tracking.example.com/click?sku=S0-00022
S0-00023,4014847393047,Puma,Puma Trail Trainer,"Puma Trail Trainer. Wildleder, Foam Sole. Schnürsenkel, niedriger Schaft.",Sneaker,46,schwarz,66.36,74.29,in stock,https://picsum.photos/seed/0-23/400/500,https://awin-tracking.example.com/click?sku=S0-00023
S0-00024,,ADIDAS,ADIDAS Retro Sneaker,"Adidas Retro Sneaker. Leder-Obermaterial, Schaumstoffsohle. Lace-Up, Low-Top.",Sneaker,44,dunkelblau,51.15,75.36,in stock,https://picsum.photos/seed/0-24/400/500,https://awin-tracking.example.com/click?sku=S0-00024
S0-00025,4101991584928,NEW BALANCE,NEW BALANCE High Top,"New Balance High Top. Canvas Upper, Rubber Sole. Klettverschluss, Low-Top.",Sneaker,45,schwarz,53.36,58.36,in stock,https://picsum.photos/seed/0-25/400/500,https://awin-tracking.example.com/click?sku=S0-00025
S0-00026,4392102028955,NUDIE,NUDIE Bootcut Classic,"Nudie Jeans Bootcut Classic. lockere Passform, Low Waist. Flared, used waschung. Material: 98% Baumwolle, 2% Elasthan. Verschluss: Reißverschluss.",Herrenjeans,30/32,dunkelblau,24.64,24.64,in stock,https://picsum.photos/seed/0-26/400/500,https://awin-tracking.example.com/click?sku=S0-00026
S0-00027,4643870697885,Vans,Vans Low Top Icon,"Vans Low Top Icon. Mesh Upper, Schaumstoffsohle. Lace-Up, hoher Schaft.",Sneaker,42,mittelblau,93.26,119.75,out of stock,https://picsum.photos/seed/0-27/400/500,https://awin-tracking.example.com/click?sku=S0-00027
S0-00028,4174146312978,New Balance,New Balance High Top,"New Balance High Top. Mesh-Obermaterial, Gummisohle. ohne Verschluss, niedriger Schaft.",Sneaker,45,schwarz,15.20,21.43,in stock,https://picsum.photos/seed/0-28/400/500,https://awin-tracking.example.com/click?sku=S0-00028
S0-00029,4118039479813,Calvin Klein,Calvin Klein Classic Tee,"Calvin Klein Classic Tee. entspannte Passform, Langarm. V-Ausschnitt, gestreift. Material: 60% Cotton, 40% Polyester.",T-Shirts,S,khaki,55.86,94.74,in stock,https://picsum.photos/seed/0-29/400/500,https://awin-tracking.example.com/click?sku=S0-00029
S0-00030,,NB,NB Retro Sneaker,"New Balance Retro Sneaker. Suede, Gummisohle. Klettverschluss, High-Top.",Sneaker,44,khaki,127.74,127.74,in stock,https://picsum.photos/seed/0-30/400/500,https://awin-tracking.example.com/click?sku=S0-00030
S0-00031,,REPLAY,REPLAY Athletic Tapered,"Replay Athletic Tapered. weites Bein, Mid Waist. Flared, mit Rissen. Material: 100% Baumwolle. Verschluss: Knopfleiste. Bio-Baumwolle.",Herrenjeans,W32/L36,indigo,77.62,77.62,in stock,https://picsum.photos/seed/0-31/400/500,https://awin-tracking.example.com/click?sku=S0-00031
S0-00032,4458476939238,Levi's,Levi's Bootcut Classic,"Levi's Bootcut Classic. Relaxed Fit, Low Waist. gerades Bein, mittlere Waschung. Material: 100% Baumwolle. Verschluss: Knopfleiste. Bio-Baumwolle.",Herrenjeans,W 32 L 36,mittelblau,43.06,79.67,in stock,https://picsum.photos/seed/0-32/400/500,https://awin-tracking.example.com/click?sku=S0-00032
S0-00033,,Nike,Nike Court Classic,"Nike Court Classic. Mesh-Obermaterial, Luftpolster-Sohle. Velcro, hoher Schaft.",Sneaker,40,schwarz,53.58,75.39,in stock,https://picsum.photos/seed/0-33/400/500,https://awin-tracking.example.com/click?sku=S0-00033
S0-00034,4741951355259,ADIDAS,ADIDAS Low Top Icon,"Adidas Low Top Icon. Synthetik-Obermaterial, Luftpolster-Sohle. Slip-On, High-Top.",Sneaker,43,dunkelblau,107.81,107.81,in stock,https://picsum.photos/seed/0-34/400/500,https://awin-tracking.example.com/click?sku=S0-00034
S0-00035,4709620368716,Tommy Hilfiger,Tommy Hilfiger Print Tee,"Tommy Hilfiger Print Tee. schmale Passform, ärmellos. Polo Collar, Striped. Material: 60% Cotton, 40% Polyester.",T-Shirts,M,dunkelblau,91.36,121.40,in stock,https://picsum.photos/seed/0-35/400/500,https://awin-tracking.example.com/click?sku=S0-00035
S0-00036,4258115474225,BOSS,BOSS Straight Fit,"BOSS Straight Fit. super enge Passform, tief sitzend. verjüngtes Bein, ungewaschen. Material: 100% Baumwolle. Verschluss: Reißverschluss. Bio-Baumwolle.",Herrenjeans,W30/L36,khaki,25.99,25.99,in stock,https://picsum.photos/seed/0-36/400/500,https://awin-tracking.example.com/click?sku=S0-00036
S0-00037,4406691658703,Nike,Nike High Top,"Nike High Top. Wildleder, Luftpolster-Sohle. Schnürsenkel, niedriger Schaft.",Sneaker,40,mittelblau,92.32,100.07,in stock,https://picsum.photos/seed/0-37/400/500,https://awin-tracking.example.com/click?sku=S0-00037
S0-00038,4302357707469,BOSS,BOSS Print Tee,"BOSS Print Tee. Slim Fit, ärmellos. Crew Neck, Graphic Print. Material: 100% Cotton.",T-Shirts,XXL,dunkelblau,75.27,80.08,in stock,https://picsum.photos/seed/0-38/400/500,https://awin-tracking.example.com/click?sku=S0-00038
S0-00039,,Wrangler,Wrangler Baggy Wide Leg,"Wrangler Baggy Wide Leg. Skinny Fit, high rise. Straight Leg, Dark Wash. Material: 98% Baumwolle, 2% Elasthan. Verschluss: Knopfleiste.",Herrenjeans,31/34,khaki,17.17,28.18,preorder,https://picsum.photos/seed/0-39/400/500,https://awin-tracking.example.com/click?sku=S0-00039
S0-00040,4593263798805,NEW BALANCE,NEW BALANCE Runner,"New Balance Runner. Mesh Upper, Air-Cushioning. Slip-On, Low-Top.",Sneaker,40,schwarz,117.54,117.54,in stock,https://picsum.photos/seed/0-40/400/500,https://awin-tracking.example.com/click?sku=S0-00040
S0-00041,,Tommy Hilfiger Denim,Tommy Hilfiger Denim Longsleeve Tee,"Tommy Hilfiger Longsleeve Tee. Regular Fit, Sleeveless. Rundhalsausschnitt, Logo Print. Material: 100% Baumwolle. Bio-Baumwolle.",T-Shirts,S,grau,114.23,149.33,out of stock,https://picsum.photos/seed/0-41/400/500,https://awin-tracking.example.com/click?sku=S0-00041
S0-00042,,TOMMY HILFIGER,TOMMY HILFIGER 511 Slim,"Tommy Hilfiger 511 Slim. Regular Fit, Low Waist. Schlaghose, schwarz. Material: 98% Baumwolle, 2% Elasthan. Verschluss: Reißverschluss.",Herrenjeans,28x30,khaki,68.22,93.34,in stock,https://picsum.photos/seed/0-42/400/500,https://awin-tracking.example.com/click?sku=S0-00042
S0-00043,4079214497029,G-Star,G-Star Longsleeve Tee,"G-Star Longsleeve Tee. entspannte Passform, Long Sleeve. Polo Kragen, Graphic Print. Material: 95% Baumwolle, 5% Elasthan.",T-Shirts,L,indigo,47.01,85.70,in stock,https://picsum.photos/seed/0-43/400/500,https://awin-tracking.example.com/click?sku=S0-00043
S0-00044,4582386363435,Hugo Boss,Hugo Boss Polo Shirt,"BOSS Polo Shirt. extra weit geschnitten, Langarm. Crew Neck, Logo Print. Material: 60% Cotton, 40% Polyester.",T-Shirts,XXL,mittelblau,101.42,123.62,in stock,https://picsum.photos/seed/0-44/400/500,https://awin-tracking.example.com/click?sku=S0-00044
S0-00045,4501769944847,NEW BALANCE,NEW BALANCE Retro Sneaker,"New Balance Retro Sneaker. Synthetik-Obermaterial, Rubber Sole. Lace-Up, niedriger Schaft.",Sneaker,42,mittelblau,49.58,55.12,in stock,https://picsum.photos/seed/0-45/400/500,https://awin-tracking.example.com/click?sku=S0-00045
S0-00046,,Calvin Klein Jeans,Calvin Klein Jeans Basic Crew,"Calvin Klein Basic Crew. Slim Fit, Long Sleeve. V-Neck, Logo Print. Material: 95% Baumwolle, 5% Elasthan.",T-Shirts,XL,dunkelblau,61.66,61.66,in stock,https://picsum.photos/seed/0-46/400/500,https://awin-tracking.example.com/click?sku=S0-00046
S0-00047,4616592318610,NEW BALANCE,NEW BALANCE Trail Trainer,"New Balance Trail Trainer. Canvas Upper, Gummisohle. Klettverschluss, niedriger Schaft.",Sneaker,46,mittelblau,122.77,141.89,in stock,https://picsum.photos/seed/0-47/400/500,https://awin-tracking.example.com/click?sku=S0-00047
S0-00048,4556532922316,Levi's,Levi's Straight Fit,"Levi's Straight Fit. Slim Fit, high rise. leicht ausgestellt, Stonewashed. Material: 80% Baumwolle, 18% Polyester, 2% Elasthan. Verschluss: Knopfleiste.",Herrenjeans,W33/L34,khaki,21.81,28.32,in stock,https://picsum.photos/seed/0-48/400/500,https://awin-tracking.example.com/click?sku=S0-00048
S0-00049,4845999235805,CK,CK Oversized Tee,"Calvin Klein Oversized Tee. oversize fit, Sleeveless. Polo Collar, Striped. Material: 100% Baumwolle. Bio-Baumwolle.",T-Shirts,M,schwarz,56.57,65.54,in stock,https://picsum.photos/seed/0-49/400/500,https://awin-tracking.example.com/click?sku=S0-00049
S0-00050,4954261870648,New Balance,New Balance Court Classic,"New Balance Court Classic. Mesh-Obermaterial, Foam Sole. Slip-On, High-Top.",Sneaker,40,mittelblau,123.51,135.03,in stock,https://picsum.photos/seed/0-50/400/500,https://awin-tracking.example.com/click?sku=S0-00050
S0-00051,4173262828950,NEW BALANCE,NEW BALANCE Retro Sneaker,"New Balance Retro Sneaker. Canvas-Obermaterial, Gummisohle. Schnürsenkel, High-Top.",Sneaker,41,hellblau,106.81,106.81,in stock,https://picsum.photos/seed/0-51/400/500,https://awin-tracking.example.com/click?sku=S0-00051
S0-00052,4466699473017,DIESEL,DIESEL Baggy Wide Leg,"Diesel Baggy Wide Leg. slim cut, tief sitzend. Schlaghose, hell gewaschen. Material: 98% Baumwolle, 2% Elasthan. Verschluss: Reißverschluss. Stretchanteil für hohen Tragekomfort.",Herrenjeans,W 38 L 30,grau,115.27,143.50,preorder,https://picsum.photos/seed/0-52/400/500,https://awin-tracking.example.com/click?sku=S0-00052
S0-00053,4577615689420,TOMMY HILFIGER,TOMMY HILFIGER Skinny Fit,"Tommy Hilfiger Skinny Fit. klassische Passform, High Waist. Bootcut, used waschung. Material: 98% Baumwolle, 2% Elasthan. Verschluss: Reißverschluss.",Herrenjeans,28/30,schwarz,38.06,38.06,in stock,https://picsum.photos/seed/0-53/400/500,https://awin-tracking.example.com/click?sku=S0-00053
S0-00054,4004810296150,Tommy Hilfiger Denim,Tommy Hilfiger Denim Classic Tee,"Tommy Hilfiger Classic Tee. entspannte Passform, Sleeveless. Crew Neck, gestreift. Material: 100% Baumwolle. Bio-Baumwolle.",T-Shirts,XXL,mittelblau,45.99,54.50,in stock,https://picsum.photos/seed/0-54/400/500,https://awin-tracking.example.com/click?sku=S0-00054
S0-00055,4434101258787,Puma,Puma Low Top Icon,"Puma Low Top Icon. Leder-Obermaterial, Air-Cushioning. Klettverschluss, High-Top.",Sneaker,46,schwarz,50.40,57.60,in stock,https://picsum.photos/seed/0-55/400/500,https://awin-tracking.example.com/click?sku=S0-00055
S0-00056,4125797509938,JACK JONES,JACK JONES Loose Tapered,"Jack & Jones Loose Tapered. Relaxed Fit, hohe Bundhöhe. Flared, dunkel gewaschen. Material: 100% Baumwolle. Verschluss: Knopfleiste. Bio-Baumwolle.",Herrenjeans,33x30,khaki,77.90,114.23,in stock,https://picsum.photos/seed/0-56/400/500,https://awin-tracking.example.com/click?sku=S0-00056
S0-00057,4088149747921,LEVIS,LEVIS Oversized Tee,"Levi's Oversized Tee. schmale Passform, Kurzarm. Polo Kragen, Markenlogo. Material: 95% Baumwolle, 5% Elasthan.",T-Shirts,M,dunkelblau,37.24,37.24,in stock,https://picsum.photos/seed/0-57/400/500,https://awin-tracking.example.com/click?sku=S0-00057
S0-00058,,Hugo Boss,Hugo Boss Basic Crew,"BOSS Basic Crew. extra weit geschnitten, Short Sleeve. V-Neck, Plain. Material: 100% Cotton.",T-Shirts,M,schwarz,76.48,103.53,in stock,https://picsum.photos/seed/0-58/400/500,https://awin-tracking.example.com/click?sku=S0-00058
S0-00059,,Puma,Puma Low Top Icon,"Puma Low Top Icon. Canvas Upper, Gummisohle. Klettverschluss, niedriger Schaft.",Sneaker,45,indigo,52.22,52.22,in stock,https://picsum.photos/seed/0-59/400/500,https://awin-tracking.example.com/click?sku=S0-00059
S0-00060,4346291261920,New Balance,New Balance High Top,"New Balance High Top. Wildleder, Air-Cushioning. Lace-Up, hoher Schaft.",Sneaker,45,schwarz,97.81,125.24,in stock,https://picsum.photos/seed/0-60/400/500,https://awin-tracking.example.com/click?sku=S0-00060
S0-00061,,WRANGLER,WRANGLER Wide Leg High Rise,"Wrangler Wide Leg High Rise. Baggy, Low Waist. Tapered Leg, hell gewaschen. Material: 80% Baumwolle, 18% Polyester, 2% Elasthan. Verschluss: Knopfleiste.",Herrenjeans,29x30,grau,42.72,64.90,in stock,https://picsum.photos/seed/0-61/400/500,https://awin-tracking.example.com/click?sku=S0-00061
S0-00062,4998364004203,Levi Strauss & Co.,Levi Strauss & Co. Basic Crew,"Levi's Basic Crew. Relaxed Fit, ärmellos. Polo Collar, Plain. Material: 100% Baumwolle. Bio-Baumwolle.",T-Shirts,S,grau,98.45,114.98,in stock,https://picsum.photos/seed/0-62/400/500,https://awin-tracking.example.com/click?sku=S0-00062
S0-00063,4554412972034,Diesel,Diesel Skinny Fit,"Diesel Skinny Fit. Wide Leg, Low Waist. verjüngtes Bein, hell gewaschen. Material: 99% Cotton, 1% Elastane. Verschluss: Knopfleiste.",Herrenjeans,W 30 L 34,schwarz,32.31,36.85,in stock,https://picsum.photos/seed/0-63/400/500,https://awin-tracking.example.com/click?sku=S0-00063
S0-00064,4694879438508,Jack&Jones,Jack&Jones Polo Shirt,"Jack & Jones Polo Shirt. extra weit geschnitten, Sleeveless. Rundhalsausschnitt, Logo Print. Material: 100% Cotton.",T-Shirts,XXL,mittelblau,54.37,83.37,in stock,https://picsum.photos/seed/0-64/400/500,https://awin-tracking.example.com/click?sku=S0-00064
S0-00065,4665317675836,Replay,Replay Relaxed Straight,"Replay Relaxed Straight. gerades Bein, Mid Waist. Flared, dunkel gewaschen. Material: 98% Baumwolle, 2% Elasthan. Verschluss: Knopfleiste. Stretchanteil für hohen Tragekomfort.",Herrenjeans,W34/L32,schwarz,83.23,83.23,preorder,https://picsum.photos/seed/0-65/400/500,https://awin-tracking.example.com/click?sku=S0-00065
S0-00066,4140931555521,Nike,Nike Low Top Icon,"Nike Low Top Icon. Wildleder, Luftpolster-Sohle. Slip-On, hoher Schaft.",Sneaker,42,hellblau,111.47,111.47,in stock,https://picsum.photos/seed/0-66/400/500,https://awin-tracking.example.com/click?sku=S0-00066
S0-00067,4245637792072,G-Star,G-Star Straight Fit,"G-Star Straight Fit. Loose Fit, Mid Waist. Schlaghose, Light Wash. Material: 99% Cotton, 1% Elastane. Verschluss: Knopfleiste.",Herrenjeans,W 38 L 30,khaki,54.99,54.99,in stock,https://picsum.photos/seed/0-67/400/500,https://awin-tracking.example.com/click?sku=S0-00067
S0-00068,4198265342080,G STAR,G STAR Basic Crew,"G-Star Basic Crew. oversize fit, Long Sleeve. Rundhalsausschnitt, Logo Print. Material: 100% Cotton.",T-Shirts,XL,schwarz,121.15,121.15,in stock,https://picsum.photos/seed/0-68/400/500,https://awin-tracking.example.com/click?sku=S0-00068
S0-00069,4823570248966,G-Star RAW,G-Star RAW Longsleeve Tee,"G-Star Longsleeve Tee. Regular Fit, Sleeveless. V-Ausschnitt, gestreift. Material: 60% Cotton, 40% Polyester.",T-Shirts,M,schwarz,122.38,130.71,in stock,https://picsum.photos/seed/0-69/400/500,https://awin-tracking.example.com/click?sku=S0-00069
S0-00070,4855908692256,JACK JONES,JACK JONES Classic Tee,"Jack & Jones Classic Tee. entspannte Passform, Short Sleeve. Polo Kragen, Graphic Print. Material: 100% Baumwolle. Bio-Baumwolle.",T-Shirts,L,dunkelblau,123.56,131.03,out of stock,https://picsum.photos/seed/0-70/400/500,https://awin-tracking.example.com/click?sku=S0-00070
S0-00071,4930768379867,Levi Strauss & Co.,Levi Strauss & Co. Athletic Tapered,"Levi's Athletic Tapered. Loose Fit, tief sitzend. Straight Leg, Dark Wash. Material: 100% Baumwolle. Verschluss: Knopfleiste. Bio-Baumwolle. Stretchanteil für hohen Tragekomfort.",Herrenjeans,38x32,dunkelblau,83.34,124.95,out of stock,https://picsum.photos/seed/0-71/400/500,https://awin-tracking.example.com/click?sku=S0-00071
S0-00072,4057616543512,REPLAY,REPLAY Athletic Tapered,"Replay Athletic Tapered. slim cut, normale Bundhöhe. Flared, destroyed look. Material: 98% Baumwolle, 2% Elasthan. Verschluss: Reißverschluss.",Herrenjeans,W33/L32,schwarz,50.53,56.27,in stock,https://picsum.photos/seed/0-72/400/500,https://awin-tracking.example.com/click?sku=S0-00072
S0-00073,4039245691417,NIKE,NIKE Trail Trainer,"Nike Trail Trainer. Canvas-Obermaterial, Foam Sole. Klettverschluss, niedriger Schaft.",Sneaker,44,dunkelblau,28.63,36.13,in stock,https://picsum.photos/seed/0-73/400/500,https://awin-tracking.example.com/click?sku=S0-00073
S0-00074,4601937603321,G STAR,G STAR Skinny Fit,"G-Star Skinny Fit. ausgestelltes Bein, tief sitzend. Bootcut, mittlere Waschung. Material: 99% Cotton, 1% Elastane. Verschluss: Knopfleiste. Stretchanteil für hohen Tragekomfort.",Herrenjeans,29/30,grau,32.88,32.88,in stock,https://picsum.photos/seed/0-74/400/500,https://awin-tracking.example.com/click?sku=S0-00074
S0-00075,,JACK JONES,JACK JONES Print Tee,"Jack & Jones Print Tee. Regular Fit, Sleeveless. Polo Kragen, Grafik-Print. Material: 95% Baumwolle, 5% Elasthan.",T-Shirts,XL,dunkelblau,87.91,124.58,preorder,https://picsum.photos/seed/0-75/400/500,https://awin-tracking.example.com/click?sku=S0-00075
S0-00076,4730948947428,Diesel,Diesel Wide Leg High Rise,"Diesel Wide Leg High Rise. slim cut, tief sitzend. Flared, Light Wash. Material: 100% Baumwolle. Verschluss: Knopfleiste. Bio-Baumwolle. Stretchanteil für hohen Tragekomfort.",Herrenjeans,36x30,schwarz,120.63,120.63,in stock,https://picsum.photos/seed/0-76/400/500,https://awin-tracking.example.com/click?sku=S0-00076
S0-00077,,Nike,Nike Retro Sneaker,"Nike Retro Sneaker. Canvas Upper, Luftpolster-Sohle. Slip-On, High-Top.",Sneaker,42,indigo,40.59,61.45,in stock,https://picsum.photos/seed/0-77/400/500,https://awin-tracking.example.com/click?sku=S0-00077
S0-00078,4526972684219,Nudie Jeans,Nudie Jeans Relaxed Straight,"Nudie Jeans Relaxed Straight. Regular Fit, Mid Waist. Schlaghose, Dark Wash. Material: 80% Baumwolle, 18% Polyester, 2% Elasthan. Verschluss: Knopfleiste. Stretchanteil für hohen Tragekomfort.",Herrenjeans,W28/L32,schwarz,43.61,75.36,in stock,https://picsum.photos/seed/0-78/400/500,https://awin-tracking.example.com/click?sku=S0-00078
S0-00079,4039742680014,Jack&Jones,Jack&Jones Classic Tee,"Jack & Jones Classic Tee. Regular Fit, Langarm. Polo Collar, Striped. Material: 95% Baumwolle, 5% Elasthan.",T-Shirts,L,schwarz,66.81,70.70,in stock,https://picsum.photos/seed/0-79/400/500,https://awin-tracking.example.com/click?sku=S0-00079
S0-00080,4985436165245,NUDIE,NUDIE Regular Straight,"Nudie Jeans Regular Straight. super enge Passform, Low Waist. Schlaghose, stone washed. Material: 100% Cotton. Verschluss: Reißverschluss. GOTS zertifiziert. Stretchanteil für hohen Tragekomfort.",Herrenjeans,W38/L34,mittelblau,28.06,40.29,in stock,https://picsum.photos/seed/0-80/400/500,https://awin-tracking.example.com/click?sku=S0-00080
S0-00081,4201100424526,NUDIE,NUDIE Regular Straight,"Nudie Jeans Regular Straight. super enge Passform, High Waist. Flared, hell gewaschen. Material: 99% Cotton, 1% Elastane. Verschluss: Reißverschluss.",Herrenjeans,32x36,hellblau,89.45,89.45,in stock,https://picsum.photos/seed/0-81/400/500,https://awin-tracking.example.com/click?sku=S0-00081
S0-00082,4390462379884,LEE Jeans,LEE Jeans Baggy Wide Leg,"Lee Baggy Wide Leg. lockere Passform, Low Waist. Bootcut, hell gewaschen. Material: 99% Cotton, 1% Elastane. Verschluss: Knopfleiste. Stretchanteil für hohen Tragekomfort.",Herrenjeans,30/30,khaki,93.19,132.91,in stock,https://picsum.photos/seed/0-82/400/500,https://awin-tracking.example.com/click?sku=S0-00082
S0-00083,,Pepe Jeans,Pepe Jeans Skinny Fit,"Pepe Jeans Skinny Fit. extra weit geschnitten, tief sitzend. leicht ausgestellt, destroyed look. Material: 80% Baumwolle, 18% Polyester, 2% Elasthan. Verschluss: Knopfleiste.",Herrenjeans,28x32,schwarz,83.27,119.44,in stock,https://picsum.photos/seed/0-83/400/500,https://awin-tracking.example.com/click?sku=S0-00083
S0-00084,,Hugo Boss,Hugo Boss Print Tee,"BOSS Print Tee. entspannte Passform, ärmellos. V-Ausschnitt, Plain. Material: 100% Baumwolle. Bio-Baumwolle.",T-Shirts,S,dunkelblau,43.22,80.85,out of stock,https://picsum.photos/seed/0-84/400/500,https://awin-tracking.example.com/click?sku=S0-00084
S0-00085,4618103958517,Jack & Jones,Jack & Jones Regular Straight,"Jack & Jones Regular Straight. lockere Passform, hohe Bundhöhe. gerades Bein, Light Wash. Material: 100% Baumwolle. Verschluss: Knopfleiste. Bio-Baumwolle.",Herrenjeans,32/36,dunkelblau,140.43,140.43,in stock,https://picsum.photos/seed/0-85/400/500,https://awin-tracking.example.com/click?sku=S0-00085
S0-00086,4889435288623,NB,NB High Top,"New Balance High Top. Synthetik-Obermaterial, Luftpolster-Sohle. Schnürsenkel, niedriger Schaft.",Sneaker,42,khaki,29.63,42.13,in stock,https://picsum.photos/seed/0-86/400/500,https://awin-tracking.example.com/click?sku=S0-00086
S0-00087,4398545891235,Jack&Jones,Jack&Jones Wide Leg High Rise,"Jack & Jones Wide Leg High Rise. Skinny Fit, High Waist. Straight Leg, Used Look. Material: 98% Baumwolle, 2% Elasthan. Verschluss: Knopfleiste. Stretchanteil für hohen Tragekomfort.",Herrenjeans,W 36 L 30,indigo,41.92,45.70,in stock,https://picsum.photos/seed/0-87/400/500,https://awin-tracking.example.com/click?sku=S0-00087
S0-00088,4144103226328,Puma,Puma Low Top Icon,"Puma Low Top Icon. Mesh Upper, Gummisohle. ohne Verschluss, niedriger Schaft.",Sneaker,44,grau,113.66,113.66,in stock,https://picsum.photos/seed/0-88/400/500,https://awin-tracking.example.com/click?sku=S0-00088
S0-00089,,LEVIS,LEVIS Loose Tapered,"Levi's Loose Tapered. skinny cut, Mid Waist. Schlaghose, schwarz. Material: 99% Cotton, 1% Elastane. Verschluss: Knopfleiste.",Herrenjeans,33/32,khaki,110.70,145.91,in stock,https://picsum.photos/seed/0-89/400/500,https://awin-tracking.example.com/click?sku=S0-00089
S0-00090,,G-Star,G-Star Print Tee,"G-Star Print Tee. Regular Fit, Kurzarm. V-Neck, Graphic Print. Material: 95% Baumwolle, 5% Elasthan.",T-Shirts,L,mittelblau,37.33,41.04,in stock,https://picsum.photos/seed/0-90/400/500,https://awin-tracking.example.com/click?sku=S0-00090
S0-00091,4313081322878,Puma,Puma Trail Trainer,"Puma Trail Trainer. Canvas-Obermaterial, Foam Sole. ohne Verschluss, Low-Top.",Sneaker,45,schwarz,56.84,56.84,in stock,https://picsum.photos/seed/0-91/400/500,https://awin-tracking.example.com/click?sku=S0-00091
S0-00092,,Levi Strauss & Co.,Levi Strauss & Co. Classic Tee,"Levi's Classic Tee. Relaxed Fit, Long Sleeve. Rundhalsausschnitt, Plain. Material: 100% Baumwolle. Bio-Baumwolle.",T-Shirts,S,dunkelblau,87.54,120.56,in stock,https://picsum.photos/seed/0-92/400/500,https://awin-tracking.example.com/click?sku=S0-00092
S0-00093,4842719005116,CK,CK Basic Crew,"Calvin Klein Basic Crew. extra weit geschnitten, Short Sleeve. V-Ausschnitt, unifarben. Material: 100% Baumwolle. Bio-Baumwolle.",T-Shirts,L,grau,23.15,27.34,in stock,https://picsum.photos/seed/0-93/400/500,https://awin-tracking.example.com/click?sku=S0-00093
S0-00094,4756227660834,G-Star,G-Star Classic Tee,"G-Star Classic Tee. Slim Fit, Langarm. V-Ausschnitt, Grafik-Print. Material: 100% Baumwolle. Bio-Baumwolle.",T-Shirts,XL,hellblau,48.51,60.02,in stock,https://picsum.photos/seed/0-94/400/500,https://awin-tracking.example.com/click?sku=S0-00094
S0-00095,4381654132689,Calvin Klein Jeans,Calvin Klein Jeans Relaxed Straight,"Calvin Klein Relaxed Straight. Skinny Fit, tief sitzend. Bootcut, schwarz. Material: 80% Baumwolle, 18% Polyester, 2% Elasthan. Verschluss: Knopfleiste. Stretchanteil für hohen Tragekomfort.",Herrenjeans,29x34,hellblau,48.45,75.63,in stock,https://picsum.photos/seed/0-95/400/500,https://awin-tracking.example.com/click?sku=S0-00095
S0-00096,4950837683362,G STAR,G STAR Basic Crew,"G-Star Basic Crew. extra weit geschnitten, Long Sleeve. Crew Neck, unifarben. Material: 95% Baumwolle, 5% Elasthan.",T-Shirts,XXL,mittelblau,42.98,42.98,in stock,https://picsum.photos/seed/0-96/400/500,https://awin-tracking.example.com/click?sku=S0-00096
S0-00097,,NB,NB Retro Sneaker,"New Balance Retro Sneaker. Mesh-Obermaterial, Gummisohle. Klettverschluss, hoher Schaft.",Sneaker,40,dunkelblau,71.13,71.13,in stock,https://picsum.photos/seed/0-97/400/500,https://awin-tracking.example.com/click?sku=S0-00097
S0-00098,4053055280441,New Balance,New Balance High Top,"New Balance High Top. Synthetik-Obermaterial, Gummisohle. Lace-Up, hoher Schaft.",Sneaker,44,dunkelblau,78.83,84.32,in stock,https://picsum.photos/seed/0-98/400/500,https://awin-tracking.example.com/click?sku=S0-00098
S0-00099,4445662371308,Tommy Hilfiger Denim,Tommy Hilfiger Denim Classic Tee,"Tommy Hilfiger Classic Tee. Relaxed Fit, ärmellos. Crew Neck, Striped. Material: 100% Baumwolle. Bio-Baumwolle.",T-Shirts,L,indigo,33.65,37.51,in stock,https://picsum.photos/seed/0-99/400/500,https://awin-tracking.example.com/click?sku=S0-00099
S0-00100,4604578512126,JACK JONES,JACK JONES Polo Shirt,"Jack & Jones Polo Shirt. Relaxed Fit, Short Sleeve. Crew Neck, Grafik-Print. Material: 95% Baumwolle, 5% Elasthan.",T-Shirts,L,khaki,67.18,67.18,preorder,https://picsum.photos/seed/0-100/400/500,https://awin-tracking.example.com/click?sku=S0-00100
S0-00101,,Hugo Boss,Hugo Boss Loose Tapered,"BOSS Loose Tapered. straight leg, Mid Waist. Flared, Black Denim. Material: 80% Baumwolle, 18% Polyester, 2% Elasthan. Verschluss: Knopfleiste. Stretchanteil für hohen Tragekomfort.",Herrenjeans,33x36,hellblau,50.13,75.45,in stock,https://picsum.photos/seed/0-101/400/500,https://awin-tracking.example.com/click?sku=S0-00101
S0-00102,4177461735201,ADIDAS,ADIDAS Retro Sneaker,"Adidas Retro Sneaker. Canvas-Obermaterial, Schaumstoffsohle. ohne Verschluss, hoher Schaft.",Sneaker,43,khaki,67.10,119.22,in stock,https://picsum.photos/seed/0-102/400/500,https://awin-tracking.example.com/click?sku=S0-00102
S0-00103,4459475163381,TOMMY HILFIGER,TOMMY HILFIGER Polo Shirt,"Tommy Hilfiger Polo Shirt. extra weit geschnitten, Short Sleeve. Polo Collar, Grafik-Print. Material: 95% Baumwolle, 5% Elasthan.",T-Shirts,XXL,indigo,22.62,22.62,in stock,https://picsum.photos/seed/0-103/400/500,https://awin-tracking.example.com/click?sku=S0-00103
S0-00104,,NIKE,NIKE Runner,"Nike Runner. Suede, Foam Sole. Schnürsenkel, High-Top.",Sneaker,41,dunkelblau,43.60,57.18,in stock,https://picsum.photos/seed/0-104/400/500,https://awin-tracking.example.com/click?sku=S0-00104
S0-00105,,TOMMY HILFIGER,TOMMY HILFIGER Polo Shirt,"Tommy Hilfiger Polo Shirt. Regular Fit, Langarm. Rundhalsausschnitt, Striped. Material: 100% Cotton.",T-Shirts,M,indigo,92.15,92.15,in stock,https://picsum.photos/seed/0-105/400/500,https://awin-tracking.example.com/click?sku=S0-00105
S0-00106,4345215833763,Pepe Jeans,Pepe Jeans Slim Tapered,"Pepe Jeans Slim Tapered. schmale Passform, tief sitzend. verjüngtes Bein, hell gewaschen. Material: 100% Baumwolle. Verschluss: Knopfleiste. Bio-Baumwolle.",Herrenjeans,W 31 L 32,indigo,51.13,53.87,in stock,https://picsum.photos/seed/0-106/400/500,https://awin-tracking.example.com/click?sku=S0-00106
S0-00107,4847386802116,REPLAY,REPLAY Slim Tapered,"Replay Slim Tapered. Regular Fit, tief sitzend. leicht ausgestellt, mittlere Waschung. Material: 99% Cotton, 1% Elastane. Verschluss: Knopfleiste. Stretchanteil für hohen Tragekomfort.",Herrenjeans,W32/L34,indigo,68.80,68.80,in stock,https://picsum.photos/seed/0-107/400/500,https://awin-tracking.example.com/click?sku=S0-00107
S0-00108,4883788581667,Vans,Vans High Top,"Vans High Top. Canvas-Obermaterial, Air-Cushioning. ohne Verschluss, Low-Top.",Sneaker,42,grau,118.07,130.75,in stock,https://picsum.photos/seed/0-108/400/500,https://awin-tracking.example.com/click?sku=S0-00108
S0-00109,4907105974920,NB,NB Low Top Icon,"New Balance Low Top Icon. Synthetik-Obermaterial, Schaumstoffsohle. Schnürsenkel, Low-Top.",Sneaker,44,mittelblau,127.37,127.37,in stock,https://picsum.photos/seed/0-109/400/500,https://awin-tracking.example.com/click?sku=S0-00109
S0-00110,,Nike,Nike Court Classic,"Nike Court Classic. Canvas Upper, Foam Sole. Schnürsenkel, hoher Schaft.",Sneaker,42,mittelblau,116.04,116.04,in stock,https://picsum.photos/seed/0-110/400/500,https://awin-tracking.example.com/click?sku=S0-00110
S0-00111,4175789144602,JACK JONES,JACK JONES Longsleeve Tee,"Jack & Jones Longsleeve Tee. schmale Passform, Langarm. V-Neck, Grafik-Print. Material: 100% Baumwolle. Bio-Baumwolle.",T-Shirts,L,schwarz,97.29,97.29,in stock,https://picsum.photos/seed/0-111/400/500,https://awin-tracking.example.com/click?sku=S0-00111
S0-00112,4629866826929,Tommy Hilfiger,Tommy Hilfiger Polo Shirt,"Tommy Hilfiger Polo Shirt. oversize fit, Short Sleeve. V-Neck, unifarben. Material: 95% Baumwolle, 5% Elasthan.",T-Shirts,M,dunkelblau,125.72,125.72,in stock,https://picsum.photos/seed/0-112/400/500,https://awin-tracking.example.com/click?sku=S0-00112
S0-00113,4963315925493,Puma,Puma Trail Trainer,"Puma Trail Trainer. Suede, Schaumstoffsohle. Schnürsenkel, niedriger Schaft.",Sneaker,42,grau,49.59,84.94,in stock,https://picsum.photos/seed/0-113/400/500,https://awin-tracking.example.com/click?sku=S0-00113
S0-00114,4557706054926,ADIDAS,ADIDAS Retro Sneaker,"Adidas Retro Sneaker. Leder-Obermaterial, Foam Sole. Schnürsenkel, niedriger Schaft.",Sneaker,41,mittelblau,90.26,124.97,in stock,https://picsum.photos/seed/0-114/400/500,https://awin-tracking.example.com/click?sku=S0-00114
S0-00115,,NEW BALANCE,NEW BALANCE High Top,"New Balance High Top. Canvas-Obermaterial, Rubber Sole. Velcro, niedriger Schaft.",Sneaker,46,grau,78.28,95.08,preorder,https://picsum.photos/seed/0-115/400/500,https://awin-tracking.example.com/click?sku=S0-00115
S0-00116,4202273138816,Nudie Jeans,Nudie Jeans Bootcut Classic,"Nudie Jeans Bootcut Classic. lockere Passform, tief sitzend. Flared, Used Look. Material: 98% Baumwolle, 2% Elasthan. Verschluss: Reißverschluss. Stretchanteil für hohen Tragekomfort.",Herrenjeans,W 31 L 36,schwarz,104.32,104.32,in stock,https://picsum.photos/seed/0-116/400/500,https://awin-tracking.example.com/click?sku=S0-00116
S0-00117,4761753475856,Vans,Vans Low Top Icon,"Vans Low Top Icon. Mesh Upper, Foam Sole. Lace-Up, hoher Schaft.",Sneaker,41,grau,52.56,69.37,in stock,https://picsum.photos/seed/0-117/400/500,https://awin-tracking.example.com/click?sku=S0-00117
S0-00118,4757249884199,New Balance,New Balance High Top,"New Balance High Top. Mesh-Obermaterial, Gummisohle. Slip-On, Low-Top.",Sneaker,41,grau,119.44,132.30,in stock,https://picsum.photos/seed/0-118/400/500,https://awin-tracking.example.com/click?sku=S0-00118
S0-00119,4604310233911,Calvin Klein Jeans,Calvin Klein Jeans Classic Tee,"Calvin Klein Classic Tee. Relaxed Fit, Long Sleeve. V-Neck, gestreift. Material: 60% Cotton, 40% Polyester.",T-Shirts,XXL,mittelblau,42.51,44.99,in stock,https://picsum.photos/seed/0-119/400/500,https://awin-tracking.example.com/click?sku=S0-00119
S0-00120,4910798315551,NB,NB Retro Sneaker,"New Balance Retro Sneaker. Suede, Rubber Sole. Velcro, hoher Schaft.",Sneaker,46,indigo,79.17,79.17,in stock,https://picsum.photos/seed/0-120/400/500,https://awin-tracking.example.com/click?sku=S0-00120
S0-00121,4539375512194,Replay,Replay Athletic Tapered,"Replay Athletic Tapered. weites Bein, normale Bundhöhe. Flared, destroyed look. Material: 100% Baumwolle. Verschluss: Knopfleiste. Bio-Baumwolle. Stretchanteil für hohen Tragekomfort.",Herrenjeans,W34/L36,indigo,92.29,92.29,in stock,https://picsum.photos/seed/0-121/400/500,https://awin-tracking.example.com/click?sku=S0-00121
S0-00122,,LEVIS,LEVIS Bootcut Classic,"Levi's Bootcut Classic. Relaxed Fit, Low Waist. Straight Leg, Mid Wash. Material: 100% Baumwolle. Verschluss: Knopfleiste. Bio-Baumwolle. Stretchanteil für hohen Tragekomfort.",Herrenjeans,W29/L30,grau,61.08,95.65,in stock,https://picsum.photos/seed/0-122/400/500,https://awin-tracking.example.com/click?sku=S0-00122
S0-00123,,Nike,Nike Court Classic,"Nike Court Classic. Mesh-Obermaterial, Luftpolster-Sohle. Klettverschluss, hoher Schaft.",Sneaker,46,grau,25.09,25.09,in stock,https://picsum.photos/seed/0-123/400/500,https://awin-tracking.example.com/click?sku=S0-00123
S0-00124,4596461666464,Adidas,Adidas Low Top Icon,"Adidas Low Top Icon. Synthetik-Obermaterial, Air-Cushioning. Slip-On, hoher Schaft.",Sneaker,44,hellblau,81.44,81.44,in stock,https://picsum.photos/seed/0-124/400/500,https://awin-tracking.example.com/click?sku=S0-00124
S0-00125,4330620099988,Tommy Hilfiger Denim,Tommy Hilfiger Denim Print Tee,"Tommy Hilfiger Print Tee. schmale Passform, ärmellos. Polo Kragen, Striped. Material: 60% Cotton, 40% Polyester.",T-Shirts,XL,schwarz,121.84,139.15,in stock,https://picsum.photos/seed/0-125/400/500,https://awin-tracking.example.com/click?sku=S0-00125
S0-00126,4840632576858,BOSS,BOSS Straight Fit,"BOSS Straight Fit. Skinny Fit, tief sitzend. Tapered Leg, Raw Denim. Material: 100% Baumwolle. Verschluss: Reißverschluss. Bio-Baumwolle. Stretchanteil für hohen Tragekomfort.",Herrenjeans,29x30,indigo,45.31,45.31,in stock,https://picsum.photos/seed/0-126/400/500,https://awin-tracking.example.com/click?sku=S0-00126
S0-00127,4482764053664,Nike,Nike High Top,"Nike High Top. Suede, Air-Cushioning. Schnürsenkel, niedriger Schaft.",Sneaker,41,khaki,67.84,130.00,out of stock,https://picsum.photos/seed/0-127/400/500,https://awin-tracking.example.com/click?sku=S0-00127
S0-00128,4355702244305,BOSS,BOSS Print Tee,"BOSS Print Tee. schmale Passform, Sleeveless. Crew Neck, Grafik-Print. Material: 100% Cotton.",T-Shirts,L,schwarz,106.19,139.75,in stock,https://picsum.photos/seed/0-128/400/500,https://awin-tracking.example.com/click?sku=S0-00128
S0-00129,4687946958681,WRANGLER,WRANGLER Baggy Wide Leg,"Wrangler Baggy Wide Leg. skinny cut, hohe Bundhöhe. Straight Leg, dunkel gewaschen. Material: 98% Baumwolle, 2% Elasthan. Verschluss: Knopfleiste.",Herrenjeans,34x34,grau,22.89,29.88,in stock,https://picsum.photos/seed/0-129/400/500,https://awin-tracking.example.com/click?sku=S0-00129
S0-00130,,NB,NB Runner,"New Balance Runner. Mesh-Obermaterial, Air-Cushioning. Slip-On, niedriger Schaft.",Sneaker,46,mittelblau,44.34,44.34,in stock,https://picsum.photos/seed/0-130/400/500,https://awin-tracking.example.com/click?sku=S0-00130
S0-00131,4459423143415,TOMMY HILFIGER,TOMMY HILFIGER Longsleeve Tee,"Tommy Hilfiger Longsleeve Tee. Regular Fit, ärmellos. Crew Neck, Markenlogo. Material: 100% Baumwolle. Bio-Baumwolle.",T-Shirts,M,schwarz,39.70,43.55,in stock,https://picsum.photos/seed/0-131/400/500,https://awin-tracking.example.com/click?sku=S0-00131
S0-00132,4100378013519,TOMMY HILFIGER,TOMMY HILFIGER 511 Slim,"Tommy Hilfiger 511 Slim. Regular Fit, Low Waist. Schlaghose, schwarz. Material: 98% Baumwolle, 2% Elasthan. Verschluss: Reißverschluss.",Herrenjeans,28/30,khaki,125.85,125.85,in stock,https://picsum.photos/seed/0-132/400/500,https://awin-tracking.example.com/click?sku=S0-00132
S0-00133,4954379911491,G-Star RAW,G-Star RAW Longsleeve Tee,"G-Star Longsleeve Tee. entspannte Passform, Long Sleeve. Polo Kragen, Graphic Print. Material: 95% Baumwolle, 5% Elasthan.",T-Shirts,S,mittelblau,116.06,144.69,in stock,https://picsum.photos/seed/0-133/400/500,https://awin-tracking.example.com/click?sku=S0-00133
S0-00134,4434670074164,BOSS,BOSS Polo Shirt,"BOSS Polo Shirt. oversize fit, Langarm. Rundhalsausschnitt, Markenlogo. Material: 60% Cotton, 40% Polyester.",T-Shirts,XL,indigo,87.40,143.48,out of stock,https://picsum.photos/seed/0-134/400/500,https://awin-tracking.example.com/click?sku=S0-00134
S0-00135,4968570171866,NEW BALANCE,NEW BALANCE Retro Sneaker,"New Balance Retro Sneaker. Synthetik-Obermaterial, Rubber Sole. Lace-Up, niedriger Schaft.",Sneaker,41,schwarz,126.18,126.18,in stock,https://picsum.photos/seed/0-135/400/500,https://awin-tracking.example.com/click?sku=S0-00135
S0-00136,4017806602466,Calvin Klein Jeans,Calvin Klein Jeans Basic Crew,"Calvin Klein Basic Crew. schmale Passform, Langarm. V-Neck, Logo Print. Material: 95% Baumwolle, 5% Elasthan.",T-Shirts,L,hellblau,53.59,71.16,in stock,https://picsum.photos/seed/0-136/400/500,https://awin-tracking.example.com/click?sku=S0-00136
S0-00137,4755671426170,NEW BALANCE,NEW BALANCE Trail Trainer,"New Balance Trail Trainer. Canvas-Obermaterial, Gummisohle. Klettverschluss, niedriger Schaft.",Sneaker,41,mittelblau,50.14,82.13,in stock,https://picsum.photos/seed/0-137/400/500,https://awin-tracking.example.com/click?sku=S0-00137
S0-00138,4203960765549,Levi Strauss & Co.,Levi Strauss & Co. Straight Fit,"Levi's Straight Fit. slim cut, High Waist. Bootcut, Stonewashed. Material: 80% Baumwolle, 18% Polyester, 2% Elasthan. Verschluss: Knopfleiste.",Herrenjeans,28x30,hellblau,77.60,77.60,in stock,https://picsum.photos/seed/0-138/400/500,https://awin-tracking.example.com/click?sku=S0-00138
S0-00139,4236262463569,CK,CK Oversized Tee,"Calvin Klein Oversized Tee. extra weit geschnitten, ärmellos. Polo Kragen, gestreift. Material: 100% Baumwolle. Bio-Baumwolle.",T-Shirts,XL,dunkelblau,123.23,123.23,in stock,https://picsum.photos/seed/0-139/400/500,https://awin-tracking.example.com/click?sku=S0-00139
S0-00140,,NB,NB Court Classic,"New Balance Court Classic. Mesh-Obermaterial, Schaumstoffsohle. Slip-On, hoher Schaft.",Sneaker,46,hellblau,14.37,20.98,preorder,https://picsum.photos/seed/0-140/400/500,https://awin-tracking.example.com/click?sku=S0-00140
S0-00141,4578187556104,NEW BALANCE,NEW BALANCE Retro Sneaker,"New Balance Retro Sneaker. Canvas-Obermaterial, Gummisohle. Lace-Up, High-Top.",Sneaker,42,grau,27.54,37.43,in stock,https://picsum.photos/seed/0-141/400/500,https://awin-tracking.example.com/click?sku=S0-00141
S0-00142,4909176035866,Diesel,Diesel Baggy Wide Leg,"Diesel Baggy Wide Leg. slim cut, Low Waist. Flared, hell gewaschen. Material: 98% Baumwolle, 2% Elasthan. Verschluss: Reißverschluss. Stretchanteil für hohen Tragekomfort.",Herrenjeans,W38/L36,mittelblau,89.92,95.10,in stock,https://picsum.photos/seed/0-142/400/500,https://awin-tracking.example.com/click?sku=S0-00142
S0-00143,4861763314712,Tommy Hilfiger Denim,Tommy Hilfiger Denim Skinny Fit,"Tommy Hilfiger Skinny Fit. Regular Fit, high rise. Bootcut, Used Look. Material: 98% Baumwolle, 2% Elasthan. Verschluss: Reißverschluss. Stretchanteil für hohen Tragekomfort.",Herrenjeans,W36/L34,dunkelblau,11.51,21.44,in stock,https://picsum.photos/seed/0-143/400/500,https://awin-tracking.example.com/click?sku=S0-00143
S0-00144,4193414840415,Tommy Hilfiger Denim,Tommy Hilfiger Denim Classic Tee,"Tommy Hilfiger Classic Tee. Relaxed Fit, Sleeveless. Crew Neck, gestreift. Material: 100% Baumwolle. Bio-Baumwolle.",T-Shirts,S,schwarz,119.44,132.03,in stock,https://picsum.photos/seed/0-144/400/500,https://awin-tracking.example.com/click?sku=S0-00144
S0-00145,4986455353821,PUMA,PUMA Low Top Icon,"Puma Low Top Icon. Leder-Obermaterial, Air-Cushioning. Velcro, hoher Schaft.",Sneaker,40,dunkelblau,35.11,46.51,out of stock,https://picsum.photos/seed/0-145/400/500,https://awin-tracking.example.com/click?sku=S0-00145
S0-00146,,Jack&Jones,Jack&Jones Loose Tapered,"Jack & Jones Loose Tapered. entspannte Passform, hohe Bundhöhe. Flared, dunkel gewaschen. Material: 100% Baumwolle. Verschluss: Knopfleiste. Bio-Baumwolle.",Herrenjeans,36/36,schwarz,91.51,91.51,in stock,https://picsum.photos/seed/0-146/400/500,https://awin-tracking.example.com/click?sku=S0-00146
S0-00147,4419449391948,Levi's,Levi's Oversized Tee,"Levi's Oversized Tee. schmale Passform, Short Sleeve. Polo Kragen, Logo Print. Material: 95% Baumwolle, 5% Elasthan.",T-Shirts,L,hellblau,76.72,110.50,in stock,https://picsum.photos/seed/0-147/400/500,https://awin-tracking.example.com/click?sku=S0-00147
S0-00148,4396497113885,BOSS,BOSS Basic Crew,"BOSS Basic Crew. Oversized Fit, Short Sleeve. V-Ausschnitt, unifarben. Material: 100% Cotton.",T-Shirts,L,khaki,64.50,82.15,in stock,https://picsum.photos/seed/0-148/400/500,https://awin-tracking.example.com/click?sku=S0-00148
S0-00149,,PUMA,PUMA Low Top Icon,"Puma Low Top Icon. Canvas-Obermaterial, Gummisohle. Velcro, Low-Top.",Sneaker,40,schwarz,64.09,64.09,out of stock,https://picsum.photos/seed/0-149/400/500,https://awin-tracking.example.com/click?sku=S0-00149
S0-00150,4950581190054,NEW BALANCE,NEW BALANCE High Top,"New Balance High Top. Suede, Luftpolster-Sohle. Lace-Up, hoher Schaft.",Sneaker,46,dunkelblau,110.70,110.70,in stock,https://picsum.photos/seed/0-150/400/500,https://awin-tracking.example.com/click?sku=S0-00150
S0-00151,4573687201701,Wrangler,Wrangler Wide Leg High Rise,"Wrangler Wide Leg High Rise. extra weit geschnitten, tief sitzend. Tapered Leg, Light Wash. Material: 80% Baumwolle, 18% Polyester, 2% Elasthan. Verschluss: Knopfleiste. Stretchanteil für hohen Tragekomfort.",Herrenjeans,32/36,dunkelblau,125.80,138.65,in stock,https://picsum.photos/seed/0-151/400/500,https://awin-tracking.example.com/click?sku=S0-00151
S0-00152,4395467365977,LEVIS,LEVIS Basic Crew,"Levi's Basic Crew. Relaxed Fit, ärmellos. Polo Kragen, unifarben. Material: 100% Baumwolle. Bio-Baumwolle.",T-Shirts,S,hellblau,32.60,47.29,in stock,https://picsum.photos/seed/0-152/400/500,https://awin-tracking.example.com/click?sku=S0-00152
S0-00153,4682219534733,DIESEL,DIESEL Skinny Fit,"Diesel Skinny Fit. weites Hosenbein, tief sitzend. verjüngtes Bein, hell gewaschen. Material: 99% Cotton, 1% Elastane. Verschluss: Knopfleiste.",Herrenjeans,W 30 L 34,indigo,69.81,69.81,in stock,https://picsum.photos/seed/0-153/400/500,https://awin-tracking.example.com/click?sku=S0-00153
S0-00154,4437934513371,JACK JONES,JACK JONES Polo Shirt,"Jack & Jones Polo Shirt. extra weit geschnitten, ärmellos. Crew Neck, Markenlogo. Material: 100% Cotton.",T-Shirts,XL,schwarz,133.81,133.81,in stock,https://picsum.photos/seed/0-154/400/500,https://awin-tracking.example.com/click?sku=S0-00154
S0-00155,,Replay,Replay Relaxed Straight,"Replay Relaxed Straight. straight leg, Mid Waist. Flared, dunkel gewaschen. Material: 98% Baumwolle, 2% Elasthan. Verschluss: Knopfleiste.",Herrenjeans,W 31 L 36,khaki,148.65,148.65,in stock,https://picsum.photos/seed/0-155/400/500,https://awin-tracking.example.com/click?sku=S0-00155
S0-00156,4450091293746,NIKE,NIKE Low Top Icon,"Nike Low Top Icon. Suede, Luftpolster-Sohle. Slip-On, hoher Schaft.",Sneaker,45,hellblau,133.41,133.41,out of stock,https://picsum.photos/seed/0-156/400/500,https://awin-tracking.example.com/click?sku=S0-00156
S0-00157,4526554116458,G STAR,G STAR Straight Fit,"G-Star Straight Fit. lockere Passform, normale Bundhöhe. Flared, hell gewaschen. Material: 99% Cotton, 1% Elastane. Verschluss: Knopfleiste.",Herrenjeans,W38/L30,khaki,91.79,137.08,in stock,https://picsum.photos/seed/0-157/400/500,https://awin-tracking.example.com/click?sku=S0-00157
S0-00158,4618665543456,G STAR,G STAR Basic Crew,"G-Star Basic Crew. oversize fit, Langarm. Rundhalsausschnitt, Markenlogo. Material: 100% Cotton.",T-Shirts,S,dunkelblau,39.96,60.57,in stock,https://picsum.photos/seed/0-158/400/500,https://awin-tracking.example.com/click?sku=S0-00158
S0-00159,4612113575481,G STAR,G STAR Longsleeve Tee,"G-Star Longsleeve Tee. Regular Fit, ärmellos. V-Ausschnitt, gestreift. Material: 60% Cotton, 40% Polyester.",T-Shirts,XL,khaki,36.05,36.05,preorder,https://picsum.photos/seed/0-159/400/500,https://awin-tracking.example.com/click?sku=S0-00159
S0-00160,4528386473206,Jack & Jones,Jack & Jones Classic Tee,"Jack & Jones Classic Tee. entspannte Passform, Kurzarm. Polo Kragen, Graphic Print. Material: 100% Baumwolle. Bio-Baumwolle.",T-Shirts,M,schwarz,95.16,131.23,out of stock,https://picsum.photos/seed/0-160/400/500,https://awin-tracking.example.com/click?sku=S0-00160
S0-00161,4530519148549,LEVIS,LEVIS Athletic Tapered,"Levi's Athletic Tapered. lockere Passform, Low Waist. gerades Bein, dunkel gewaschen. Material: 100% Baumwolle. Verschluss: Knopfleiste. Bio-Baumwolle. Stretchanteil für hohen Tragekomfort.",Herrenjeans,W32/L30,dunkelblau,71.00,71.00,in stock,https://picsum.photos/seed/0-161/400/500,https://awin-tracking.example.com/click?sku=S0-00161
S0-00162,,Replay,Replay Athletic Tapered,"Replay Athletic Tapered. slim cut, Mid Waist. Flared, destroyed look. Material: 98% Baumwolle, 2% Elasthan. Verschluss: Reißverschluss.",Herrenjeans,36x32,mittelblau,61.23,76.10,in stock,https://picsum.photos/seed/0-162/400/500,https://awin-tracking.example.com/click?sku=S0-00162
S0-00163,4031763784467,Nike,Nike Trail Trainer,"Nike Trail Trainer. Canvas-Obermaterial, Schaumstoffsohle. Klettverschluss, Low-Top.",Sneaker,45,hellblau,50.12,50.12,preorder,https://picsum.photos/seed/0-163/400/500,https://awin-tracking.example.com/click?sku=S0-00163
S0-00164,4072138305306,G STAR,G STAR Skinny Fit,"G-Star Skinny Fit. Wide Leg, Low Waist. leicht ausgestellt, mittlere Waschung. Material: 99% Cotton, 1% Elastane. Verschluss: Knopfleiste. Stretchanteil für hohen Tragekomfort.",Herrenjeans,29x34,indigo,53.61,53.61,preorder,https://picsum.photos/seed/0-164/400/500,https://awin-tracking.example.com/click?sku=S0-00164
S0-00165,4645931058066,Jack & Jones,Jack & Jones Print Tee,"Jack & Jones Print Tee. klassische Passform, ärmellos. Polo Collar, Graphic Print. Material: 95% Baumwolle, 5% Elasthan.",T-Shirts,L,indigo,124.61,124.61,in stock,https://picsum.photos/seed/0-165/400/500,https://awin-tracking.example.com/click?sku=S0-00165
S0-00166,,Diesel,Diesel Wide Leg High Rise,"Diesel Wide Leg High Rise. Slim Fit, tief sitzend. Flared, Light Wash. Material: 100% Baumwolle. Verschluss: Knopfleiste. Bio-Baumwolle. Stretchanteil für hohen Tragekomfort.",Herrenjeans,30x36,indigo,116.59,116.59,in stock,https://picsum.photos/seed/0-166/400/500,https://awin-tracking.example.com/click?sku=S0-00166
S0-00167,4762517237786,Nike,Nike Retro Sneaker,"Nike Retro Sneaker. Canvas Upper, Luftpolster-Sohle. ohne Verschluss, High-Top.",Sneaker,41,schwarz,29.32,42.48,in stock,https://picsum.photos/seed/0-167/400/500,https://awin-tracking.example.com/click?sku=S0-00167
S0-00168,4148110267549,Nudie Jeans,Nudie Jeans Relaxed Straight,"Nudie Jeans Relaxed Straight. klassische Passform, normale Bundhöhe. Schlaghose, dunkel gewaschen. Material: 80% Baumwolle, 18% Polyester, 2% Elasthan. Verschluss: Knopfleiste. Stretchanteil für hohen Tragekomfort.",Herrenjeans,36/36,dunkelblau,83.42,93.79,in stock,https://picsum.photos/seed/0-168/400/500,https://awin-tracking.example.com/click?sku=S0-00168
S0-00169,4035614254976,JACK JONES,JACK JONES Classic Tee,"Jack & Jones Classic Tee. Regular Fit, Langarm. Polo Kragen, gestreift. Material: 95% Baumwolle, 5% Elasthan.",T-Shirts,XXL,mittelblau,112.53,112.53,in stock,https://picsum.photos/seed/0-169/400/500,https://awin-tracking.example.com/click?sku=S0-00169
S0-00170,,Nudie Jeans,Nudie Jeans Regular Straight,"Nudie Jeans Regular Straight. super enge Passform, tief sitzend. Flared, stone washed. Material: 100% Cotton. Verschluss: Reißverschluss. GOTS zertifiziert.",Herrenjeans,34/30,schwarz,109.46,146.47,in stock,https://picsum.photos/seed/0-170/400/500,https://awin-tracking.example.com/click?sku=S0-00170
S0-00171,4951073563273,Nudie Jeans,Nudie Jeans Regular Straight,"Nudie Jeans Regular Straight. Skinny Fit, High Waist. Schlaghose, hell gewaschen. Material: 99% Cotton, 1% Elastane. Verschluss: Reißverschluss. Stretchanteil für hohen Tragekomfort.",Herrenjeans,30/32,khaki,16.53,25.18,in stock,https://picsum.photos/seed/0-171/400/500,https://awin-tracking.example.com/click?sku=S0-00171
S0-00172,4352910493548,LEE Jeans,LEE Jeans Baggy Wide Leg,"Lee Baggy Wide Leg. lockere Passform, tief sitzend. Bootcut, Light Wash. Material: 99% Cotton, 1% Elastane. Verschluss: Knopfleiste.",Herrenjeans,W 34 L 30,khaki,21.90,29.62,out of stock,https://picsum.photos/seed/0-172/400/500,https://awin-tracking.example.com/click?sku=S0-00172
S0-00173,4159986145546,PEPE JEANS LONDON,PEPE JEANS LONDON Skinny Fit,"Pepe Jeans Skinny Fit. Baggy Fit, tief sitzend. leicht ausgestellt, Destroyed. Material: 80% Baumwolle, 18% Polyester, 2% Elasthan. Verschluss: Knopfleiste.",Herrenjeans,32x36,grau,127.36,127.36,in stock,https://picsum.photos/seed/0-173/400/500,https://awin-tracking.example.com/click?sku=S0-00173
S0-00174,,Hugo Boss,Hugo Boss Print Tee,"BOSS Print Tee. entspannte Passform, ärmellos. V-Ausschnitt, unifarben. Material: 100% Baumwolle. Bio-Baumwolle.",T-Shirts,XXL,dunkelblau,28.91,32.27,out of stock,https://picsum.photos/seed/0-174/400/500,https://awin-tracking.example.com/click?sku=S0-00174
S0-00175,4732871059709,Jack&Jones,Jack&Jones Regular Straight,"Jack & Jones Regular Straight. lockere Passform, High Waist. gerades Bein, Light Wash. Material: 100% Baumwolle. Verschluss: Knopfleiste. Bio-Baumwolle.",Herrenjeans,W 31 L 36,schwarz,79.51,146.73,in stock,https://picsum.photos/seed/0-175/400/500,https://awin-tracking.example.com/click?sku=S0-00175
S0-00176,4938734432359,NEW BALANCE,NEW BALANCE High Top,"New Balance High Top. Synthetik-Obermaterial, Air-Cushioning. Schnürsenkel, Low-Top.",Sneaker,45,khaki,66.36,66.36,in stock,https://picsum.photos/seed/0-176/400/500,https://awin-tracking.example.com/click?sku=S0-00176
S0-00177,4481714871195,JACK JONES,JACK JONES Wide Leg High Rise,"Jack & Jones Wide Leg High Rise. Skinny Fit, hohe Bundhöhe. Straight Leg, Used Look. Material: 98% Baumwolle, 2% Elasthan. Verschluss: Knopfleiste.",Herrenjeans,W 32 L 32,dunkelblau,95.19,95.19,in stock,https://picsum.photos/seed/0-177/400/500,https://awin-tracking.example.com/click?sku=S0-00177
S0-00178,,Puma,Puma Low Top Icon,"Puma Low Top Icon. Mesh Upper, Gummisohle. ohne Verschluss, Low-Top.",Sneaker,43,mittelblau,127.14,127.14,in stock,https://picsum.photos/seed/0-178/400/500,https://awin-tracking.example.com/click?sku=S0-00178
S0-00179,4649110002950,Levi's,Levi's Loose Tapered,"Levi's Loose Tapered. skinny cut, normale Bundhöhe. Flared, Black Denim. Material: 99% Cotton, 1% Elastane. Verschluss: Knopfleiste.",Herrenjeans,29/36,grau,17.43,34.84,in stock,https://picsum.photos/seed/0-179/400/500,https://awin-tracking.example.com/click?sku=S0-00179
S0-00180,,G-Star,G-Star Print Tee,"G-Star Print Tee. Regular Fit, Kurzarm. V-Ausschnitt, Grafik-Print. Material: 95% Baumwolle, 5% Elasthan.",T-Shirts,M,grau,31.50,31.50,in stock,https://picsum.photos/seed/0-180/400/500,https://awin-tracking.example.com/click?sku=S0-00180
S0-00181,4157527104283,Puma,Puma Trail Trainer,"Puma Trail Trainer. Canvas Upper, Foam Sole. ohne Verschluss, niedriger Schaft.",Sneaker,45,hellblau,131.00,146.62,preorder,https://picsum.photos/seed/0-181/400/500,https://awin-tracking.example.com/click?sku=S0-00181
S0-00182,4946792829345,Levi's,Levi's Classic Tee,"Levi's Classic Tee. Relaxed Fit, Long Sleeve. Crew Neck, Plain. Material: 100% Baumwolle. Bio-Baumwolle.",T-Shirts,XXL,mittelblau,112.23,122.80,in stock,https://picsum.photos/seed/0-182/400/500,https://awin-tracking.example.com/click?sku=S0-00182
S0-00183,4153721503747,Calvin Klein,Calvin Klein Basic Crew,"Calvin Klein Basic Crew. extra weit geschnitten, Short Sleeve. V-Neck, unifarben. Material: 100% Baumwolle. Bio-Baumwolle.",T-Shirts,S,khaki,82.81,82.81,preorder,https://picsum.photos/seed/0-183/400/500,https://awin-tracking.example.com/click?sku=S0-00183
S0-00184,4821148984176,G-Star RAW,G-Star RAW Classic Tee,"G-Star Classic Tee. schmale Passform, Long Sleeve. V-Neck, Grafik-Print. Material: 100% Baumwolle. Bio-Baumwolle.",T-Shirts,XL,dunkelblau,75.69,127.77,in stock,https://picsum.photos/seed/0-184/400/500,https://awin-tracking.example.com/click?sku=S0-00184
S0-00185,4017084078319,Calvin Klein Jeans,Calvin Klein Jeans Relaxed Straight,"Calvin Klein Relaxed Straight. super enge Passform, Low Waist. leicht ausgestellt, schwarz. Material: 80% Baumwolle, 18% Polyester, 2% Elasthan. Verschluss: Knopfleiste. Stretchanteil für hohen Tragekomfort.",Herrenjeans,W30/L36,dunkelblau,45.56,59.39,in stock,https://picsum.photos/seed/0-185/400/500,https://awin-tracking.example.com/click?sku=S0-00185
S0-00186,4437181671620,G STAR,G STAR Basic Crew,"G-Star Basic Crew. extra weit geschnitten, Langarm. Rundhalsausschnitt, unifarben. Material: 95% Baumwolle, 5% Elasthan.",T-Shirts,S,mittelblau,116.13,116.13,in stock,https://picsum.photos/seed/0-186/400/500,https://awin-tracking.example.com/click?sku=S0-00186
S0-00187,,New Balance,New Balance Retro Sneaker,"New Balance Retro Sneaker. Mesh Upper, Rubber Sole. Klettverschluss, hoher Schaft.",Sneaker,44,mittelblau,61.31,107.81,in stock,https://picsum.photos/seed/0-187/400/500,https://awin-tracking.example.com/click?sku=S0-00187
S0-00188,,NB,NB High Top,"New Balance High Top. Synthetik-Obermaterial, Rubber Sole. Schnürsenkel, High-Top.",Sneaker,40,grau,116.89,144.94,in stock,https://picsum.photos/seed/0-188/400/500,https://awin-tracking.example.com/click?sku=S0-00188
S0-00189,4724740055098,TOMMY HILFIGER,TOMMY HILFIGER Classic Tee,"Tommy Hilfiger Classic Tee. Relaxed Fit, Sleeveless. Crew Neck, Striped. Material: 100% Baumwolle. Bio-Baumwolle.",T-Shirts,S,hellblau,30.10,38.90,in stock,https://picsum.photos/seed/0-189/400/500,https://awin-tracking.example.com/click?sku=S0-00189
S0-00190,4286563505874,Jack & Jones,Jack & Jones Polo Shirt,"Jack & Jones Polo Shirt. entspannte Passform, Short Sleeve. Rundhalsausschnitt, Graphic Print. Material: 95% Baumwolle, 5% Elasthan.",T-Shirts,S,schwarz,74.43,101.23,in stock,https://picsum.photos/seed/0-190/400/500,https://awin-tracking.example.com/click?sku=S0-00190
S0-00191,,BOSS,BOSS Loose Tapered,"BOSS Loose Tapered. gerades Bein, normale Bundhöhe. Schlaghose, Black Denim. Material: 80% Baumwolle, 18% Polyester, 2% Elasthan. Verschluss: Knopfleiste. Stretchanteil für hohen Tragekomfort.",Herrenjeans,30/34,schwarz,90.24,90.24,in stock,https://picsum.photos/seed/0-191/400/500,https://awin-tracking.example.com/click?sku=S0-00191
S0-00192,4127658361075,Adidas,Adidas Retro Sneaker,"Adidas Retro Sneaker. Canvas Upper, Foam Sole. Slip-On, High-Top.",Sneaker,40,grau,146.60,146.60,in stock,https://picsum.photos/seed/0-192/400/500,https://awin-tracking.example.com/click?sku=S0-00192
S0-00193,,Tommy Hilfiger,Tommy Hilfiger Polo Shirt,"Tommy Hilfiger Polo Shirt. oversize fit, Kurzarm. Polo Kragen, Grafik-Print. Material: 95% Baumwolle, 5% Elasthan.",T-Shirts,M,grau,79.53,79.53,in stock,https://picsum.photos/seed/0-193/400/500,https://awin-tracking.example.com/click?sku=S0-00193
S0-00194,4410476621401,Nike,Nike Runner,"Nike Runner. Suede, Foam Sole. Schnürsenkel, High-Top.",Sneaker,43,dunkelblau,137.91,137.91,in stock,https://picsum.photos/seed/0-194/400/500,https://awin-tracking.example.com/click?sku=S0-00194
S0-00195,4605961411719,Tommy Hilfiger Denim,Tommy Hilfiger Denim Polo Shirt,"Tommy Hilfiger Polo Shirt. Regular Fit, Langarm. Crew Neck, gestreift. Material: 100% Cotton.",T-Shirts,XXL,khaki,81.50,96.10,in stock,https://picsum.photos/seed/0-195/400/500,https://awin-tracking.example.com/click?sku=S0-00195
S0-00196,4545339976524,Pepe Jeans,Pepe Jeans Slim Tapered,"Pepe Jeans Slim Tapered. slim cut, Low Waist. Tapered Leg, Light Wash. Material: 100% Baumwolle. Verschluss: Knopfleiste. Bio-Baumwolle.",Herrenjeans,W 28 L 32,mittelblau,42.45,69.69,in stock,https://picsum.photos/seed/0-196/400/500,https://awin-tracking.example.com/click?sku=S0-00196
S0-00197,,REPLAY,REPLAY Slim Tapered,"Replay Slim Tapered. klassische Passform, Low Waist. Bootcut, Mid Wash. Material: 99% Cotton, 1% Elastane. Verschluss: Knopfleiste. Stretchanteil für hohen Tragekomfort.",Herrenjeans,W 28 L 32,dunkelblau,123.89,133.51,in stock,https://picsum.photos/seed/0-197/400/500,https://awin-tracking.example.com/click?sku=S0-00197
S0-00198,4986557625325,VANS,VANS High Top,"Vans High Top. Canvas-Obermaterial, Air-Cushioning. Slip-On, Low-Top.",Sneaker,45,khaki,24.48,27.09,in stock,https://picsum.photos/seed/0-198/400/500,https://awin-tracking.example.com/click?sku=S0-00198
S0-00199,4727717710246,New Balance,New Balance Low Top Icon,"New Balance Low Top Icon. Synthetic Upper, Schaumstoffsohle. Lace-Up, niedriger Schaft.",Sneaker,46,grau,84.51,84.51,in stock,https://picsum.photos/seed/0-199/400/500,https://awin-tracking.example.com/click?sku=S0-00199
S0-00200,4082607731203,Nike,Nike Court Classic,"Nike Court Classic. Canvas Upper, Foam Sole. Schnürsenkel, High-Top.",Sneaker,41,grau,87.12,134.70,in stock,https://picsum.photos/seed/0-200/400/500,https://awin-tracking.example.com/click?sku=S0-00200
S0-00201,,JACK JONES,JACK JONES Longsleeve Tee,"Jack & Jones Longsleeve Tee. Slim Fit, Langarm. V-Ausschnitt, Grafik-Print. Material: 100% Baumwolle. Bio-Baumwolle.",T-Shirts,L,khaki,96.25,96.25,in stock,https://picsum.photos/seed/0-201/400/500,https://awin-tracking.example.com/click?sku=S0-00201
S0-00202,4907544692859,TOMMY HILFIGER,TOMMY HILFIGER Polo Shirt,"Tommy Hilfiger Polo Shirt. oversize fit, Short Sleeve. V-Neck, unifarben. Material: 95% Baumwolle, 5% Elasthan.",T-Shirts,M,dunkelblau,39.54,39.54,in stock,https://picsum.photos/seed/0-202/400/500,https://awin-tracking.example.com/click?sku=S0-00202
S0-00203,4053744900064,PUMA,PUMA Trail Trainer,"Puma Trail Trainer. Wildleder, Foam Sole. Schnürsenkel, niedriger Schaft.",Sneaker,46,grau,136.41,136.41,in stock,https://picsum.photos/seed/0-203/400/500,https://awin-tracking.example.com/click?sku=S0-00203
S0-00204,4875331071338,Adidas,Adidas Retro Sneaker,"Adidas Retro Sneaker. Leather Upper, Foam Sole. Schnürsenkel, Low-Top.",Sneaker,41,hellblau,67.96,110.98,in stock,https://picsum.photos/seed/0-204/400/500,https://awin-tracking.example.com/click?sku=S0-00204
S0-00205,4092963214300,NB,NB High Top,"New Balance High Top. Canvas-Obermaterial, Rubber Sole. Velcro, Low-Top.",Sneaker,41,mittelblau,85.53,85.53,in stock,https://picsum.photos/seed/0-205/400/500,https://awin-tracking.example.com/click?sku=S0-00205
S0-00206,4364251396965,Nudie Jeans,Nudie Jeans Bootcut Classic,"Nudie Jeans Bootcut Classic. Loose Fit, tief sitzend. Flared, Used Look. Material: 98% Baumwolle, 2% Elasthan. Verschluss: Reißverschluss.",Herrenjeans,34x36,dunkelblau,50.10,92.55,in stock,https://picsum.photos/seed/0-206/400/500,https://awin-tracking.example.com/click?sku=S0-00206
S0-00207,4301451518634,VANS,VANS Low Top Icon,"Vans Low Top Icon. Mesh-Obermaterial, Foam Sole. Schnürsenkel, High-Top.",Sneaker,45,schwarz,47.72,82.60,in stock,https://picsum.photos/seed/0-207/400/500,https://awin-tracking.example.com/click?sku=S0-00207
S0-00208,,NEW BALANCE,NEW BALANCE High Top,"New Balance High Top. Mesh-Obermaterial, Rubber Sole. ohne Verschluss, Low-Top.",Sneaker,45,khaki,75.99,101.63,in stock,https://picsum.photos/seed/0-208/400/500,https://awin-tracking.example.com/click?sku=S0-00208
S0-00209,4874213348746,Calvin Klein,Calvin Klein Classic Tee,"Calvin Klein Classic Tee. entspannte Passform, Langarm. V-Ausschnitt, gestreift. Material: 60% Cotton, 40% Polyester.",T-Shirts,L,indigo,106.04,106.04,in stock,https://picsum.photos/seed/0-209/400/500,https://awin-tracking.example.com/click?sku=S0-00209
S0-00210,4348004290576,NB,NB Retro Sneaker,"New Balance Retro Sneaker. Suede, Rubber Sole. Klettverschluss, High-Top.",Sneaker,46,grau,102.21,102.21,in stock,https://picsum.photos/seed/0-210/400/500,https://awin-tracking.example.com/click?sku=S0-00210
S0-00211,4108059765757,Replay,Replay Athletic Tapered,"Replay Athletic Tapered. weites Bein, Mid Waist. Schlaghose, mit Rissen. Material: 100% Baumwolle. Verschluss: Knopfleiste. Bio-Baumwolle.",Herrenjeans,28x32,schwarz,106.64,106.64,in stock,https://picsum.photos/seed/0-211/400/500,https://awin-tracking.example.com/click?sku=S0-00211
S0-00212,4810916498202,Levi Strauss & Co.,Levi Strauss & Co. Bootcut Classic,"Levi's Bootcut Classic. entspannte Passform, Low Waist. gerades Bein, Mid Wash. Material: 100% Baumwolle. Verschluss: Knopfleiste. Bio-Baumwolle.",Herrenjeans,W 31 L 36,hellblau,48.36,48.36,in stock,https://picsum.photos/seed/0-212/400/500,https://awin-tracking.example.com/click?sku=S0-00212
S0-00213,,Nike,Nike Court Classic,"Nike Court Classic. Mesh Upper, Luftpolster-Sohle. Velcro, hoher Schaft.",Sneaker,44,hellblau,100.25,100.25,in stock,https://picsum.photos/seed/0-213/400/500,https://awin-tracking.example.com/click?sku=S0-00213
S0-00214,,ADIDAS,ADIDAS Low Top Icon,"Adidas Low Top Icon. Synthetic Upper, Air-Cushioning. Slip-On, High-Top.",Sneaker,46,dunkelblau,41.27,41.27,out of stock,https://picsum.photos/seed/0-214/400/500,https://awin-tracking.example.com/click?sku=S0-00214
S0-00215,4729895002409,Tommy Hilfiger Denim,Tommy Hilfiger Denim Print Tee,"Tommy Hilfiger Print Tee. Slim Fit, ärmellos. Polo Collar, gestreift. Material: 60% Cotton, 40% Polyester.",T-Shirts,M,hellblau,98.93,106.12,in stock,https://picsum.photos/seed/0-215/400/500,https://awin-tracking.example.com/click?sku=S0-00215
S0-00216,4350680559005,BOSS,BOSS Straight Fit,"BOSS Straight Fit. skinny cut, tief sitzend. Tapered Leg, Raw Denim. Material: 100% Baumwolle. Verschluss: Reißverschluss. Bio-Baumwolle. Stretchanteil für hohen Tragekomfort.",Herrenjeans,32/32,mittelblau,119.78,139.88,out of stock,https://picsum.photos/seed/0-216/400/500,https://awin-tracking.example.com/click?sku=S0-00216
S0-00217,4850378970824,Nike,Nike High Top,"Nike High Top. Suede, Luftpolster-Sohle. Schnürsenkel, Low-Top.",Sneaker,43,hellblau,18.71,20.19,in stock,https://picsum.photos/seed/0-217/400/500,https://awin-tracking.example.com/click?sku=S0-00217
S0-00218,4696505772923,BOSS,BOSS Print Tee,"BOSS Print Tee. schmale Passform, ärmellos. Crew Neck, Grafik-Print. Material: 100% Cotton.",T-Shirts,M,hellblau,45.01,74.15,in stock,https://picsum.photos/seed/0-218/400/500,https://awin-tracking.example.com/click?sku=S0-00218
S0-00219,4790737987526,Wrangler,Wrangler Baggy Wide Leg,"Wrangler Baggy Wide Leg. Skinny Fit, hohe Bundhöhe. gerades Bein, dunkel gewaschen. Material: 98% Baumwolle, 2% Elasthan. Verschluss: Knopfleiste.",Herrenjeans,34x36,schwarz,133.46,133.46,in stock,https://picsum.photos/seed/0-219/400/500,https://awin-tracking.example.com/click?sku=S0-00219
S0-00220,4952575341930,NB,NB Runner,"New Balance Runner. Mesh Upper, Air-Cushioning. ohne Verschluss, Low-Top.",Sneaker,46,khaki,109.36,109.36,in stock,https://picsum.photos/seed/0-220/400/500,https://awin-tracking.example.com/click?sku=S0-00220
S0-00221,4115756507424,Tommy Hilfiger,Tommy Hilfiger Longsleeve Tee,"Tommy Hilfiger Longsleeve Tee. klassische Passform, Sleeveless. Rundhalsausschnitt, Logo Print. Material: 100% Baumwolle. Bio-Baumwolle.",T-Shirts,S,indigo,25.37,25.37,in stock,https://picsum.photos/seed/0-221/400/500,https://awin-tracking.example.com/click?sku=S0-00221
S0-00222,4532117354605,TOMMY HILFIGER,TOMMY HILFIGER 511 Slim,"Tommy Hilfiger 511 Slim. Regular Fit, tief sitzend. Flared, schwarz. Material: 98% Baumwolle, 2% Elasthan. Verschluss: Reißverschluss. Stretchanteil für hohen Tragekomfort.",Herrenjeans,29/34,hellblau,35.15,35.15,in stock,https://picsum.photos/seed/0-222/400/500,https://awin-tracking.example.com/click?sku=S0-00222
S0-00223,4726988776523,G-Star RAW,G-Star RAW Longsleeve Tee,"G-Star Longsleeve Tee. entspannte Passform, Long Sleeve. Polo Kragen, Graphic Print. Material: 95% Baumwolle, 5% Elasthan.",T-Shirts,XL,indigo,71.72,86.95,in stock,https://picsum.photos/seed/0-223/400/500,https://awin-tracking.example.com/click?sku=S0-00223
S0-00224,4096325834133,Hugo Boss,Hugo Boss Polo Shirt,"BOSS Polo Shirt. oversize fit, Langarm. Crew Neck, Logo Print. Material: 60% Cotton, 40% Polyester.",T-Shirts,S,hellblau,62.57,109.95,out of stock,https://picsum.photos/seed/0-224/400/500,https://awin-tracking.example.com/click?sku=S0-00224
S0-00225,4335503556153,NEW BALANCE,NEW BALANCE Retro Sneaker,"New Balance Retro Sneaker. Synthetik-Obermaterial, Gummisohle. Lace-Up, Low-Top.",Sneaker,45,indigo,44.99,47.88,in stock,https://picsum.photos/seed/0-225/400/500,https://awin-tracking.example.com/click?sku=S0-00225
S0-00226,4203450030993,Calvin Klein Jeans,Calvin Klein Jeans Basic Crew,"Calvin Klein Basic Crew. Slim Fit, Langarm. V-Ausschnitt, Markenlogo. Material: 95% Baumwolle, 5% Elasthan.",T-Shirts,L,hellblau,83.39,83.39,preorder,https://picsum.photos/seed/0-226/400/500,https://awin-tracking.example.com/click?sku=S0-00226
S0-00227,4090609647826,NB,NB Trail Trainer,"New Balance Trail Trainer. Canvas-Obermaterial, Gummisohle. Velcro, Low-Top.",Sneaker,46,grau,36.29,63.90,preorder,https://picsum.photos/seed/0-227/400/500,https://awin-tracking.example.com/click?sku=S0-00227
S0-00228,4629104580447,Levi's,Levi's Straight Fit,"Levi's Straight Fit. schmale Passform, hohe Bundhöhe. Bootcut, stone washed. Material: 80% Baumwolle, 18% Polyester, 2% Elasthan. Verschluss: Knopfleiste.",Herrenjeans,W28/L32,khaki,78.18,105.51,in stock,https://picsum.photos/seed/0-228/400/500,https://awin-tracking.example.com/click?sku=S0-00228
S0-00229,4236103650362,Calvin Klein,Calvin Klein Oversized Tee,"Calvin Klein Oversized Tee. Oversized Fit, Sleeveless. Polo Collar, Striped. Material: 100% Baumwolle. Bio-Baumwolle.",T-Shirts,XL,hellblau,93.47,93.47,in stock,https://picsum.photos/seed/0-229/400/500,https://awin-tracking.example.com/click?sku=S0-00229
S0-00230,4076481958693,New Balance,New Balance Court Classic,"New Balance Court Classic. Mesh-Obermaterial, Schaumstoffsohle. ohne Verschluss, hoher Schaft.",Sneaker,44,grau,122.66,122.66,in stock,https://picsum.photos/seed/0-230/400/500,https://awin-tracking.example.com/click?sku=S0-00230
S0-00231,4122061226081,NEW BALANCE,NEW BALANCE Retro Sneaker,"New Balance Retro Sneaker. Canvas Upper, Rubber Sole. Schnürsenkel, High-Top.",Sneaker,44,khaki,17.10,21.92,in stock,https://picsum.photos/seed/0-231/400/500,https://awin-tracking.example.com/click?sku=S0-00231
S0-00232,4454742090222,DIESEL,DIESEL Baggy Wide Leg,"Diesel Baggy Wide Leg. schmale Passform, tief sitzend. Schlaghose, Light Wash. Material: 98% Baumwolle, 2% Elasthan. Verschluss: Reißverschluss. Stretchanteil für hohen Tragekomfort.",Herrenjeans,34x32,dunkelblau,32.44,36.44,in stock,https://picsum.photos/seed/0-232/400/500,https://awin-tracking.example.com/click?sku=S0-00232
S0-00233,4522894013914,Tommy Hilfiger Denim,Tommy Hilfiger Denim Skinny Fit,"Tommy Hilfiger Skinny Fit. klassische Passform, High Waist. leicht ausgestellt, used waschung. Material: 98% Baumwolle, 2% Elasthan. Verschluss: Reißverschluss. Stretchanteil für hohen Tragekomfort.",Herrenjeans,36/30,hellblau,55.01,84.74,in stock,https://picsum.photos/seed/0-233/400/500,https://awin-tracking.example.com/click?sku=S0-00233
S0-00234,4800021067068,Tommy Hilfiger Denim,Tommy Hilfiger Denim Classic Tee,"Tommy Hilfiger Classic Tee. Relaxed Fit, Sleeveless. Rundhalsausschnitt, Striped. Material: 100% Baumwolle. Bio-Baumwolle.",T-Shirts,XL,mittelblau,48.34,69.13,out of stock,https://picsum.photos/seed/0-234/400/500,https://awin-tracking.example.com/click?sku=S0-00234
S0-00235,4869796460288,Puma,Puma Low Top Icon,"Puma Low Top Icon. Leather Upper, Luftpolster-Sohle. Klettverschluss, High-Top.",Sneaker,46,khaki,88.37,99.27,in stock,https://picsum.photos/seed/0-235/400/500,https://awin-tracking.example.com/click?sku=S0-00235
S0-00236,,Jack & Jones,Jack & Jones Loose Tapered,"Jack & Jones Loose Tapered. Relaxed Fit, High Waist. Flared, dunkel gewaschen. Material: 100% Baumwolle. Verschluss: Knopfleiste. Bio-Baumwolle. Stretchanteil für hohen Tragekomfort.",Herrenjeans,W 33 L 32,schwarz,54.27,105.79,out of stock,https://picsum.photos/seed/0-236/400/500,https://awin-tracking.example.com/click?sku=S0-00236
S0-00237,,Levi's,Levi's Oversized Tee,"Levi's Oversized Tee. Slim Fit, Kurzarm. Polo Collar, Markenlogo. Material: 95% Baumwolle, 5% Elasthan.",T-Shirts,M,khaki,75.41,95.95,in stock,https://picsum.photos/seed/0-237/400/500,https://awin-tracking.example.com/click?sku=S0-00237
S0-00238,,Hugo Boss,Hugo Boss Basic Crew,"BOSS Basic Crew. oversize fit, Short Sleeve. V-Ausschnitt, Plain. Material: 100% Cotton.",T-Shirts,XL,dunkelblau,64.19,97.65,in stock,https://picsum.photos/seed/0-238/400/500,https://awin-tracking.example.com/click?sku=S0-00238
S0-00239,4709620299487,Puma,Puma Low Top Icon,"Puma Low Top Icon. Canvas Upper, Gummisohle. Klettverschluss, Low-Top.",Sneaker,46,khaki,39.64,46.59,in stock,https://picsum.photos/seed/0-239/400/500,https://awin-tracking.example.com/click?sku=S0-00239
S0-00240,,New Balance,New Balance High Top,"New Balance High Top. Suede, Air-Cushioning. Lace-Up, hoher Schaft.",Sneaker,45,mittelblau,103.89,145.65,in stock,https://picsum.photos/seed/0-240/400/500,https://awin-tracking.example.com/click?sku=S0-00240
S0-00241,4385909624105,WRANGLER,WRANGLER Wide Leg High Rise,"Wrangler Wide Leg High Rise. Baggy, Low Waist. verjüngtes Bein, hell gewaschen. Material: 80% Baumwolle, 18% Polyester, 2% Elasthan. Verschluss: Knopfleiste.",Herrenjeans,W34/L30,indigo,125.20,125.20,in stock,https://picsum.photos/seed/0-241/400/500,https://awin-tracking.example.com/click?sku=S0-00241
S0-00242,4668270164527,LEVIS,LEVIS Basic Crew,"Levi's Basic Crew. entspannte Passform, Sleeveless. Polo Collar, Plain. Material: 100% Baumwolle. Bio-Baumwolle.",T-Shirts,L,schwarz,112.71,128.42,in stock,https://picsum.photos/seed/0-242/400/500,https://awin-tracking.example.com/click?sku=S0-00242
S0-00243,4784502060113,DIESEL,DIESEL Skinny Fit,"Diesel Skinny Fit. Wide Leg, Low Waist. Tapered Leg, Light Wash. Material: 99% Cotton, 1% Elastane. Verschluss: Knopfleiste.",Herrenjeans,34/34,mittelblau,124.85,124.85,preorder,https://picsum.photos/seed/0-243/400/500,https://awin-tracking.example.com/click?sku=S0-00243
S0-00244,4444179357439,JACK JONES,JACK JONES Polo Shirt,"Jack & Jones Polo Shirt. oversize fit, Sleeveless. Crew Neck, Markenlogo. Material: 100% Cotton.",T-Shirts,M,mittelblau,22.83,24.07,in stock,https://picsum.photos/seed/0-244/400/500,https://awin-tracking.example.com/click?sku=S0-00244
S0-00245,4555590514634,REPLAY,REPLAY Relaxed Straight,"Replay Relaxed Straight. Straight Fit, Mid Waist. Schlaghose, Dark Wash. Material: 98% Baumwolle, 2% Elasthan. Verschluss: Knopfleiste. Stretchanteil für hohen Tragekomfort.",Herrenjeans,W 32 L 32,mittelblau,76.75,107.49,in stock,https://picsum.photos/seed/0-245/400/500,https://awin-tracking.example.com/click?sku=S0-00245
S0-00246,4338750222019,NIKE,NIKE Low Top Icon,"Nike Low Top Icon. Wildleder, Luftpolster-Sohle. ohne Verschluss, hoher Schaft.",Sneaker,43,khaki,34.53,34.53,in stock,https://picsum.photos/seed/0-246/400/500,https://awin-tracking.example.com/click?sku=S0-00246
S0-00247,4682660574616,G-Star,G-Star Straight Fit,"G-Star Straight Fit. lockere Passform, Mid Waist. Flared, hell gewaschen. Material: 99% Cotton, 1% Elastane. Verschluss: Knopfleiste.",Herrenjeans,34/30,hellblau,34.87,39.19,in stock,https://picsum.photos/seed/0-247/400/500,https://awin-tracking.example.com/click?sku=S0-00247
S0-00248,4506748799930,G-Star,G-Star Basic Crew,"G-Star Basic Crew. extra weit geschnitten, Long Sleeve. Crew Neck, Markenlogo. Material: 100% Cotton.",T-Shirts,L,mittelblau,52.71,52.71,in stock,https://picsum.photos/seed/0-248/400/500,https://awin-tracking.example.com/click?sku=S0-00248
S0-00249,,G-Star RAW,G-Star RAW Longsleeve Tee,"G-Star Longsleeve Tee. klassische Passform, Sleeveless. V-Neck, Striped. Material: 60% Cotton, 40% Polyester.",T-Shirts,XL,khaki,48.87,48.87,in stock,https://picsum.photos/seed/0-249/400/500,https://awin-tracking.example.com/click?sku=S0-00249
S0-00250,4444225932197,JACK JONES,JACK JONES Classic Tee,"Jack & Jones Classic Tee. entspannte Passform, Kurzarm. Polo Kragen, Graphic Print. Material: 100% Baumwolle. Bio-Baumwolle.",T-Shirts,XXL,hellblau,80.94,145.00,in stock,https://picsum.photos/seed/0-250/400/500,https://awin-tracking.example.com/click?sku=S0-00250
S0-00251,,LEVIS,LEVIS Athletic Tapered,"Levi's Athletic Tapered. weites Bein, Low Waist. Straight Leg, Dark Wash. Material: 100% Baumwolle. Verschluss: Knopfleiste. Bio-Baumwolle.",Herrenjeans,W 31 L 32,schwarz,139.61,139.61,in stock,https://picsum.photos/seed/0-251/400/500,https://awin-tracking.example.com/click?sku=S0-00251
S0-00252,4181703380754,Replay,Replay Athletic Tapered,"Replay Athletic Tapered. Slim Fit, normale Bundhöhe. Schlaghose, destroyed look. Material: 98% Baumwolle, 2% Elasthan. Verschluss: Reißverschluss.",Herrenjeans,38x34,mittelblau,41.02,41.02,in stock,https://picsum.photos/seed/0-252/400/500,https://awin-tracking.example.com/click?sku=S0-00252
S0-00253,4826176691617,Nike,Nike Trail Trainer,"Nike Trail Trainer. Canvas Upper, Schaumstoffsohle. Velcro, Low-Top.",Sneaker,41,mittelblau,41.82,41.82,in stock,https://picsum.photos/seed/0-253/400/500,https://awin-tracking.example.com/click?sku=S0-00253
S0-00254,,G STAR,G STAR Skinny Fit,"G-Star Skinny Fit. Wide Leg, Low Waist. leicht ausgestellt, Mid Wash. Material: 99% Cotton, 1% Elastane. Verschluss: Knopfleiste. Stretchanteil für hohen Tragekomfort.",Herrenjeans,W32/L30,mittelblau,41.39,41.39,in stock,https://picsum.photos/seed/0-254/400/500,https://awin-tracking.example.com/click?sku=S0-00254
S0-00255,4487121341878,JACK JONES,JACK JONES Print Tee,"Jack & Jones Print Tee. Regular Fit, ärmellos. Polo Collar, Graphic Print. Material: 95% Baumwolle, 5% Elasthan.",T-Shirts,M,mittelblau,19.13,37.61,in stock,https://picsum.photos/seed/0-255/400/500,https://awin-tracking.example.com/click?sku=S0-00255
S0-00256,4574075993055,DIESEL,DIESEL Wide Leg High Rise,"Diesel Wide Leg High Rise. slim cut, Low Waist. Schlaghose, Light Wash. Material: 100% Baumwolle. Verschluss: Knopfleiste. Bio-Baumwolle.",Herrenjeans,W29/L34,khaki,84.04,132.25,in stock,https://picsum.photos/seed/0-256/400/500,https://awin-tracking.example.com/click?sku=S0-00256
S0-00257,4574801910614,Nike,Nike Retro Sneaker,"Nike Retro Sneaker. Canvas-Obermaterial, Luftpolster-Sohle. ohne Verschluss, High-Top.",Sneaker,40,indigo,28.87,37.31,in stock,https://picsum.photos/seed/0-257/400/500,https://awin-tracking.example.com/click?sku=S0-00257
S0-00258,4001007192464,Nudie Jeans,Nudie Jeans Relaxed Straight,"Nudie Jeans Relaxed Straight. Regular Fit, Mid Waist. Schlaghose, Dark Wash. Material: 80% Baumwolle, 18% Polyester, 2% Elasthan. Verschluss: Knopfleiste.",Herrenjeans,W38/L30,schwarz,81.95,101.22,in stock,https://picsum.photos/seed/0-258/400/500,https://awin-tracking.example.com/click?sku=S0-00258
S0-00259,4289034214422,JACK JONES,JACK JONES Classic Tee,"Jack & Jones Classic Tee. Regular Fit, Long Sleeve. Polo Kragen, Striped. Material: 95% Baumwolle, 5% Elasthan.",T-Shirts,L,schwarz,125.46,125.46,in stock,https://picsum.photos/seed/0-259/400/500,https://awin-tracking.example.com/click?sku=S0-00259
