ARTIKELNR;EAN_CODE;MARKE;TITEL;BESCHREIBUNG;WARENGRUPPE;GROESSE;FARBE;PREIS_EUR;STREICHPREIS_EUR;LAGERSTATUS;BILD;LINK
S17-00000;4361811875348;Hugo Boss;Hugo Boss Bootcut Classic;BOSS Bootcut Classic. Relaxed Fit, high rise. Straight Leg, hell gewaschen. Material: 99% Cotton, 1% Elastane. Verschluss: Knopfleiste. Stretchanteil für hohen Tragekomfort.;Herrenjeans;30x36;hellblau;66,99;66,99;ausverkauft;https://picsum.photos/seed/17-0/400/500;https://belboon-tracking.example.com/out/S17-00000
S17-00001;4818179988490;Lee;Lee Baggy Wide Leg;Lee Baggy Wide Leg. Straight Fit, hohe Bundhöhe. verjüngtes Bein, Stonewashed. Material: 100% Cotton. Verschluss: Knopfleiste. GOTS zertifiziert.;Herrenjeans;29x36;dunkelblau;118,45;133,78;auf Lager;https://picsum.photos/seed/17-1/400/500;https://belboon-tracking.example.com/out/S17-00001
S17-00002;4897881275124;Wrangler;Wrangler Baggy Wide Leg;Wrangler Baggy Wide Leg. entspannte Passform, tief sitzend. verjüngtes Bein, dunkel gewaschen. Material: 80% Baumwolle, 18% Polyester, 2% Elasthan. Verschluss: Knopfleiste.;Herrenjeans;29/34;dunkelblau;136,49;147,14;verfuegbar;https://picsum.photos/seed/17-2/400/500;https://belboon-tracking.example.com/out/S17-00002
S17-00003;4321263178879;WRANGLER;WRANGLER Bootcut Classic;Wrangler Bootcut Classic. ausgestelltes Bein, Low Waist. Straight Leg, Mid Wash. Material: 100% Cotton. Verschluss: Knopfleiste. GOTS zertifiziert. Stretchanteil für hohen Tragekomfort.;Herrenjeans;W29/L32;khaki;95,82;95,82;verfuegbar;https://picsum.photos/seed/17-3/400/500;https://belboon-tracking.example.com/out/S17-00003
S17-00004;;Tommy Hilfiger Denim;Tommy Hilfiger Denim Slim Tapered;Tommy Hilfiger Slim Tapered. Baggy Fit, tief sitzend. Straight Leg, schwarz. Material: 100% Cotton. Verschluss: Reißverschluss. GOTS zertifiziert. Stretchanteil für hohen Tragekomfort.;Herrenjeans;W 34 L 30;grau;139,98;139,98;verfuegbar;https://picsum.photos/seed/17-4/400/500;https://belboon-tracking.example.com/out/S17-00004
S17-00005;;PEPE JEANS LONDON;PEPE JEANS LONDON Slim Tapered;Pepe Jeans Slim Tapered. Wide Leg, Low Waist. gerades Bein, dunkel gewaschen. Material: 100% Baumwolle. Verschluss: Reißverschluss. Bio-Baumwolle.;Herrenjeans;28x30;khaki;106,82;114,83;verfuegbar;https://picsum.photos/seed/17-5/400/500;https://belboon-tracking.example.com/out/S17-00005
S17-00006;4355978468147;Levi Strauss & Co.;Levi Strauss & Co. Wide Leg High Rise;Levi's Wide Leg High Rise. klassische Passform, hohe Bundhöhe. Straight Leg, ungewaschen. Material: 100% Baumwolle. Verschluss: Knopfleiste. Bio-Baumwolle. Stretchanteil für hohen Tragekomfort.;Herrenjeans;30/32;schwarz;56,86;56,86;verfuegbar;https://picsum.photos/seed/17-6/400/500;https://belboon-tracking.example.com/out/S17-00006
S17-00007;4924701790771;DIESEL;DIESEL 511 Slim;Diesel 511 Slim. skinny cut, Mid Waist. Tapered Leg, Dark Wash. Material: 99% Cotton, 1% Elastane. Verschluss: Reißverschluss.;Herrenjeans;32/36;schwarz;50,96;62,53;verfuegbar;https://picsum.photos/seed/17-7/400/500;https://belboon-tracking.example.com/out/S17-00007
S17-00008;4389814560511;DIESEL;DIESEL Slim Tapered;Diesel Slim Tapered. straight leg, high rise. Schlaghose, dunkel gewaschen. Material: 100% Cotton. Verschluss: Reißverschluss. GOTS zertifiziert.;Herrenjeans;33/32;grau;96,31;122,45;verfuegbar;https://picsum.photos/seed/17-8/400/500;https://belboon-tracking.example.com/out/S17-00008
S17-00009;4292916350474;Diesel;Diesel 511 Slim;Diesel 511 Slim. schmale Passform, high rise. Schlaghose, Stonewashed. Material: 100% Cotton. Verschluss: Reißverschluss. GOTS zertifiziert.;Herrenjeans;W28/L30;mittelblau;102,30;102,30;verfuegbar;https://picsum.photos/seed/17-9/400/500;https://belboon-tracking.example.com/out/S17-00009
S17-00010;4617356419352;Pepe Jeans;Pepe Jeans Bootcut Classic;Pepe Jeans Bootcut Classic. skinny cut, high rise. verjüngtes Bein, Raw Denim. Material: 100% Cotton. Verschluss: Reißverschluss. GOTS zertifiziert.;Herrenjeans;W32/L32;khaki;53,87;98,66;ausverkauft;https://picsum.photos/seed/17-10/400/500;https://belboon-tracking.example.com/out/S17-00010
S17-00011;4609738610812;Wrangler;Wrangler Loose Tapered;Wrangler Loose Tapered. Regular Fit, tief sitzend. Flared, mittlere Waschung. Material: 100% Cotton. Verschluss: Knopfleiste. GOTS zertifiziert.;Herrenjeans;32x30;mittelblau;88,36;103,39;verfuegbar;https://picsum.photos/seed/17-11/400/500;https://belboon-tracking.example.com/out/S17-00011
S17-00012;;Tommy Hilfiger;Tommy Hilfiger Relaxed Straight;Tommy Hilfiger Relaxed Straight. Regular Fit, tief sitzend. Flared, hell gewaschen. Material: 100% Baumwolle. Verschluss: Knopfleiste. Bio-Baumwolle. Stretchanteil für hohen Tragekomfort.;Herrenjeans;33/32;schwarz;83,02;88,09;verfuegbar;https://picsum.photos/seed/17-12/400/500;https://belboon-tracking.example.com/out/S17-00012
S17-00013;4043614558368;Wrangler;Wrangler Loose Tapered;Wrangler Loose Tapered. gerades Bein, Mid Waist. Schlaghose, destroyed look. Material: 98% Baumwolle, 2% Elasthan. Verschluss: Reißverschluss.;Herrenjeans;W 30 L 32;indigo;40,82;40,82;verfuegbar;https://picsum.photos/seed/17-13/400/500;https://belboon-tracking.example.com/out/S17-00013
S17-00014;;Levi's;Levi's Skinny Fit;Levi's Skinny Fit. extra weit geschnitten, Low Waist. Schlaghose, schwarz. Material: 100% Cotton. Verschluss: Reißverschluss. GOTS zertifiziert. Stretchanteil für hohen Tragekomfort.;Herrenjeans;W 33 L 30;hellblau;125,98;125,98;verfuegbar;https://picsum.photos/seed/17-14/400/500;https://belboon-tracking.example.com/out/S17-00014
S17-00015;4582476079929;G-Star RAW;G-Star RAW Bootcut Classic;G-Star Bootcut Classic. ausgestelltes Bein, Low Waist. Straight Leg, schwarz. Material: 98% Baumwolle, 2% Elasthan. Verschluss: Knopfleiste. Stretchanteil für hohen Tragekomfort.;Herrenjeans;W 31 L 34;mittelblau;99,01;99,01;ausverkauft;https://picsum.photos/seed/17-15/400/500;https://belboon-tracking.example.com/out/S17-00015
S17-00016;4796889251359;NUDIE;NUDIE Bootcut Classic;Nudie Jeans Bootcut Classic. Skinny Fit, high rise. leicht ausgestellt, ungewaschen. Material: 100% Baumwolle. Verschluss: Reißverschluss. Bio-Baumwolle. Stretchanteil für hohen Tragekomfort.;Herrenjeans;W 31 L 30;schwarz;94,72;102,38;verfuegbar;https://picsum.photos/seed/17-16/400/500;https://belboon-tracking.example.com/out/S17-00016
S17-00017;4586426136558;Jack & Jones;Jack & Jones Slim Tapered;Jack & Jones Slim Tapered. straight leg, Low Waist. Tapered Leg, Mid Wash. Material: 100% Baumwolle. Verschluss: Knopfleiste. Bio-Baumwolle.;Herrenjeans;W31/L34;grau;55,62;55,62;ausverkauft;https://picsum.photos/seed/17-17/400/500;https://belboon-tracking.example.com/out/S17-00017
S17-00018;4502613191745;REPLAY;REPLAY Loose Tapered;Replay Loose Tapered. Baggy Fit, Low Waist. Straight Leg, Raw Denim. Material: 80% Baumwolle, 18% Polyester, 2% Elasthan. Verschluss: Knopfleiste. Stretchanteil für hohen Tragekomfort.;Herrenjeans;29x32;schwarz;77,64;145,83;verfuegbar;https://picsum.photos/seed/17-18/400/500;https://belboon-tracking.example.com/out/S17-00018
S17-00019;4018538815076;G-Star RAW;G-Star RAW Straight Fit;G-Star Straight Fit. weites Bein, Mid Waist. Straight Leg, Stonewashed. Material: 98% Baumwolle, 2% Elasthan. Verschluss: Reißverschluss.;Herrenjeans;38/30;indigo;57,83;82,27;verfuegbar;https://picsum.photos/seed/17-19/400/500;https://belboon-tracking.example.com/out/S17-00019
S17-00020;4667014222315;G-Star;G-Star Skinny Fit;G-Star Skinny Fit. entspannte Passform, normale Bundhöhe. leicht ausgestellt, hell gewaschen. Material: 100% Baumwolle. Verschluss: Reißverschluss. Bio-Baumwolle.;Herrenjeans;W 28 L 30;dunkelblau;122,28;122,28;verfuegbar;https://picsum.photos/seed/17-20/400/500;https://belboon-tracking.example.com/out/S17-00020
S17-00021;4157342028083;NUDIE;NUDIE Wide Leg High Rise;Nudie Jeans Wide Leg High Rise. slim cut, tief sitzend. Straight Leg, Black Denim. Material: 98% Baumwolle, 2% Elasthan. Verschluss: Reißverschluss. Stretchanteil für hohen Tragekomfort.;Herrenjeans;36/32;dunkelblau;53,43;62,24;auf Lager;https://picsum.photos/seed/17-21/400/500;https://belboon-tracking.example.com/out/S17-00021
S17-00022;4993909782929;Wrangler;Wrangler Loose Tapered;Wrangler Loose Tapered. Loose Fit, Mid Waist. Straight Leg, mit Rissen. Material: 80% Baumwolle, 18% Polyester, 2% Elasthan. Verschluss: Reißverschluss.;Herrenjeans;W 34 L 30;hellblau;67,36;74,31;verfuegbar;https://picsum.photos/seed/17-22/400/500;https://belboon-tracking.example.com/out/S17-00022
S17-00023;4275167227780;Nudie Jeans;Nudie Jeans Straight Fit;Nudie Jeans Straight Fit. Skinny Fit, high rise. leicht ausgestellt, hell gewaschen. Material: 98% Baumwolle, 2% Elasthan. Verschluss: Reißverschluss. Stretchanteil für hohen Tragekomfort.;Herrenjeans;W29/L32;mittelblau;97,02;129,82;verfuegbar;https://picsum.photos/seed/17-23/400/500;https://belboon-tracking.example.com/out/S17-00023
S17-00024;;WRANGLER;WRANGLER 511 Slim;Wrangler 511 Slim. gerades Bein, normale Bundhöhe. leicht ausgestellt, Dark Wash. Material: 99% Cotton, 1% Elastane. Verschluss: Knopfleiste.;Herrenjeans;W 31 L 30;schwarz;141,40;141,40;ausverkauft;https://picsum.photos/seed/17-24/400/500;https://belboon-tracking.example.com/out/S17-00024
S17-00025;4814807690905;REPLAY;REPLAY Straight Fit;Replay Straight Fit. entspannte Passform, hohe Bundhöhe. Flared, schwarz. Material: 100% Baumwolle. Verschluss: Knopfleiste. Bio-Baumwolle.;Herrenjeans;33/36;grau;40,69;40,69;verfuegbar;https://picsum.photos/seed/17-25/400/500;https://belboon-tracking.example.com/out/S17-00025
S17-00026;4308558151403;Replay;Replay Athletic Tapered;Replay Athletic Tapered. Relaxed Fit, tief sitzend. Tapered Leg, Stonewashed. Material: 98% Baumwolle, 2% Elasthan. Verschluss: Reißverschluss.;Herrenjeans;W 36 L 34;khaki;69,30;119,68;verfuegbar;https://picsum.photos/seed/17-26/400/500;https://belboon-tracking.example.com/out/S17-00026
S17-00027;;LEE Jeans;LEE Jeans Bootcut Classic;Lee Bootcut Classic. ausgestelltes Bein, high rise. Schlaghose, Raw Denim. Material: 100% Baumwolle. Verschluss: Knopfleiste. Bio-Baumwolle. Stretchanteil für hohen Tragekomfort.;Herrenjeans;38x30;hellblau;136,57;136,57;verfuegbar;https://picsum.photos/seed/17-27/400/500;https://belboon-tracking.example.com/out/S17-00027
S17-00028;4264839187492;BOSS;BOSS Skinny Fit;BOSS Skinny Fit. skinny cut, Mid Waist. gerades Bein, Used Look. Material: 98% Baumwolle, 2% Elasthan. Verschluss: Knopfleiste. Stretchanteil für hohen Tragekomfort.;Herrenjeans;32x32;indigo;82,78;122,00;verfuegbar;https://picsum.photos/seed/17-28/400/500;https://belboon-tracking.example.com/out/S17-00028
S17-00029;4288032795460;Tommy Hilfiger Denim;Tommy Hilfiger Denim Baggy Wide Leg;Tommy Hilfiger Baggy Wide Leg. Skinny Fit, Mid Waist. Straight Leg, dunkel gewaschen. Material: 100% Baumwolle. Verschluss: Reißverschluss. Bio-Baumwolle. Stretchanteil für hohen Tragekomfort.;Herrenjeans;W 30 L 36;grau;46,52;46,52;verfuegbar;https://picsum.photos/seed/17-29/400/500;https://belboon-tracking.example.com/out/S17-00029
S17-00030;4815334568012;JACK JONES;JACK JONES Athletic Tapered;Jack & Jones Athletic Tapered. straight leg, Low Waist. gerades Bein, mittlere Waschung. Material: 100% Cotton. Verschluss: Knopfleiste. GOTS zertifiziert. Stretchanteil für hohen Tragekomfort.;Herrenjeans;W 28 L 30;mittelblau;41,73;56,81;verfuegbar;https://picsum.photos/seed/17-30/400/500;https://belboon-tracking.example.com/out/S17-00030
S17-00031;4869674448258;LEE Jeans;LEE Jeans Bootcut Classic;Lee Bootcut Classic. weites Bein, Mid Waist. Straight Leg, schwarz. Material: 98% Baumwolle, 2% Elasthan. Verschluss: Knopfleiste. Stretchanteil für hohen Tragekomfort.;Herrenjeans;29x34;dunkelblau;50,33;76,41;verfuegbar;https://picsum.photos/seed/17-31/400/500;https://belboon-tracking.example.com/out/S17-00031
S17-00032;4900728956542;G-Star;G-Star 501 Original;G-Star 501 Original. ausgestelltes Bein, Low Waist. gerades Bein, destroyed look. Material: 99% Cotton, 1% Elastane. Verschluss: Reißverschluss.;Herrenjeans;38/34;grau;64,51;64,51;verfuegbar;https://picsum.photos/seed/17-32/400/500;https://belboon-tracking.example.com/out/S17-00032
S17-00033;4266384377368;Replay;Replay 511 Slim;Replay 511 Slim. Skinny Fit, high rise. Bootcut, Dark Wash. Material: 98% Baumwolle, 2% Elasthan. Verschluss: Knopfleiste.;Herrenjeans;36/36;dunkelblau;136,69;136,69;verfuegbar;https://picsum.photos/seed/17-33/400/500;https://belboon-tracking.example.com/out/S17-00033
S17-00034;4622638160551;BOSS;BOSS 511 Slim;BOSS 511 Slim. slim cut, high rise. Schlaghose, Raw Denim. Material: 100% Baumwolle. Verschluss: Knopfleiste. Bio-Baumwolle. Stretchanteil für hohen Tragekomfort.;Herrenjeans;30/30;indigo;60,21;82,21;verfuegbar;https://picsum.photos/seed/17-34/400/500;https://belboon-tracking.example.com/out/S17-00034
S17-00035;4845337409595;Diesel;Diesel Loose Tapered;Diesel Loose Tapered. skinny cut, high rise. gerades Bein, Used Look. Material: 98% Baumwolle, 2% Elasthan. Verschluss: Reißverschluss.;Herrenjeans;36/36;schwarz;58,42;75,84;verfuegbar;https://picsum.photos/seed/17-35/400/500;https://belboon-tracking.example.com/out/S17-00035
S17-00036;;Nudie Jeans;Nudie Jeans Regular Straight;Nudie Jeans Regular Straight. skinny cut, tief sitzend. Flared, Stonewashed. Material: 99% Cotton, 1% Elastane. Verschluss: Knopfleiste. Stretchanteil für hohen Tragekomfort.;Herrenjeans;36/30;indigo;101,86;101,86;auf Lager;https://picsum.photos/seed/17-36/400/500;https://belboon-tracking.example.com/out/S17-00036
S17-00037;4983552665626;DIESEL;DIESEL Baggy Wide Leg;Diesel Baggy Wide Leg. slim cut, tief sitzend. Schlaghose, Light Wash. Material: 99% Cotton, 1% Elastane. Verschluss: Reißverschluss.;Herrenjeans;W28/L30;grau;107,71;118,91;verfuegbar;https://picsum.photos/seed/17-37/400/500;https://belboon-tracking.example.com/out/S17-00037
S17-00038;4634352528871;Nudie Jeans;Nudie Jeans Regular Straight;Nudie Jeans Regular Straight. super enge Passform, High Waist. Schlaghose, hell gewaschen. Material: 100% Cotton. Verschluss: Knopfleiste. GOTS zertifiziert.;Herrenjeans;31x36;khaki;81,12;97,32;auf Lager;https://picsum.photos/seed/17-38/400/500;https://belboon-tracking.example.com/out/S17-00038
S17-00039;4007685511040;Jack&Jones;Jack&Jones Regular Straight;Jack & Jones Regular Straight. weites Bein, High Waist. Straight Leg, hell gewaschen. Material: 100% Baumwolle. Verschluss: Knopfleiste. Bio-Baumwolle.;Herrenjeans;29x34;mittelblau;82,13;82,13;verfuegbar;https://picsum.photos/seed/17-39/400/500;https://belboon-tracking.example.com/out/S17-00039
S17-00040;4284557185821;TOMMY HILFIGER;TOMMY HILFIGER 511 Slim;Tommy Hilfiger 511 Slim. klassische Passform, tief sitzend. Schlaghose, schwarz. Material: 100% Cotton. Verschluss: Reißverschluss. GOTS zertifiziert.;Herrenjeans;W 33 L 36;grau;57,36;57,36;verfuegbar;https://picsum.photos/seed/17-40/400/500;https://belboon-tracking.example.com/out/S17-00040
S17-00041;4380438114869;LEE Jeans;LEE Jeans Baggy Wide Leg;Lee Baggy Wide Leg. weites Bein, Low Waist. Bootcut, Light Wash. Material: 80% Baumwolle, 18% Polyester, 2% Elasthan. Verschluss: Knopfleiste. Stretchanteil für hohen Tragekomfort.;Herrenjeans;38/36;mittelblau;72,16;100,55;verfuegbar;https://picsum.photos/seed/17-41/400/500;https://belboon-tracking.example.com/out/S17-00041
S17-00042;4754613115559;Jack&Jones;Jack&Jones Bootcut Classic;Jack & Jones Bootcut Classic. Regular Fit, Low Waist. Schlaghose, Used Look. Material: 99% Cotton, 1% Elastane. Verschluss: Knopfleiste.;Herrenjeans;30/30;khaki;80,34;123,18;ausverkauft;https://picsum.photos/seed/17-42/400/500;https://belboon-tracking.example.com/out/S17-00042
S17-00043;4666063698940;Replay;Replay Baggy Wide Leg;Replay Baggy Wide Leg. skinny cut, tief sitzend. verjüngtes Bein, stone washed. Material: 100% Cotton. Verschluss: Reißverschluss. GOTS zertifiziert.;Herrenjeans;30x36;indigo;54,34;54,34;verfuegbar;https://picsum.photos/seed/17-43/400/500;https://belboon-tracking.example.com/out/S17-00043
S17-00044;4884465872845;WRANGLER;WRANGLER Loose Tapered;Wrangler Loose Tapered. Loose Fit, Low Waist. Flared, Used Look. Material: 100% Cotton. Verschluss: Knopfleiste. GOTS zertifiziert.;Herrenjeans;28x32;schwarz;111,82;111,82;ausverkauft;https://picsum.photos/seed/17-44/400/500;https://belboon-tracking.example.com/out/S17-00044
S17-00045;4444078758256;TOMMY HILFIGER;TOMMY HILFIGER Skinny Fit;Tommy Hilfiger Skinny Fit. Regular Fit, high rise. Bootcut, Used Look. Material: 80% Baumwolle, 18% Polyester, 2% Elasthan. Verschluss: Reißverschluss.;Herrenjeans;31/30;indigo;46,04;54,12;ausverkauft;https://picsum.photos/seed/17-45/400/500;https://belboon-tracking.example.com/out/S17-00045
S17-00046;4633095172337;Calvin Klein;Calvin Klein Loose Tapered;Calvin Klein Loose Tapered. gerades Bein, High Waist. Schlaghose, Light Wash. Material: 100% Baumwolle. Verschluss: Knopfleiste. Bio-Baumwolle.;Herrenjeans;W 32 L 34;indigo;85,20;85,20;verfuegbar;https://picsum.photos/seed/17-46/400/500;https://belboon-tracking.example.com/out/S17-00046
S17-00047;4277347057353;LEE Jeans;LEE Jeans Straight Fit;Lee Straight Fit. gerades Bein, high rise. Schlaghose, Light Wash. Material: 100% Cotton. Verschluss: Reißverschluss. GOTS zertifiziert.;Herrenjeans;W32/L34;khaki;110,87;123,99;verfuegbar;https://picsum.photos/seed/17-47/400/500;https://belboon-tracking.example.com/out/S17-00047
S17-00048;;Nudie Jeans;Nudie Jeans Relaxed Straight;Nudie Jeans Relaxed Straight. Relaxed Fit, hohe Bundhöhe. verjüngtes Bein, hell gewaschen. Material: 80% Baumwolle, 18% Polyester, 2% Elasthan. Verschluss: Reißverschluss.;Herrenjeans;W36/L36;dunkelblau;118,86;118,86;verfuegbar;https://picsum.photos/seed/17-48/400/500;https://belboon-tracking.example.com/out/S17-00048
S17-00049;4083073226869;Replay;Replay Baggy Wide Leg;Replay Baggy Wide Leg. schmale Passform, normale Bundhöhe. Schlaghose, Mid Wash. Material: 100% Cotton. Verschluss: Knopfleiste. GOTS zertifiziert.;Herrenjeans;W 32 L 32;schwarz;55,13;55,13;verfuegbar;https://picsum.photos/seed/17-49/400/500;https://belboon-tracking.example.com/out/S17-00049
S17-00050;4224478206808;BOSS;BOSS Bootcut Classic;BOSS Bootcut Classic. Relaxed Fit, High Waist. gerades Bein, Light Wash. Material: 99% Cotton, 1% Elastane. Verschluss: Knopfleiste.;Herrenjeans;30x32;dunkelblau;72,61;72,61;verfuegbar;https://picsum.photos/seed/17-50/400/500;https://belboon-tracking.example.com/out/S17-00050
S17-00051;4542520584597;LEE Jeans;LEE Jeans Baggy Wide Leg;Lee Baggy Wide Leg. gerades Bein, High Waist. verjüngtes Bein, stone washed. Material: 100% Cotton. Verschluss: Knopfleiste. GOTS zertifiziert. Stretchanteil für hohen Tragekomfort.;Herrenjeans;W29/L36;indigo;113,38;128,61;auf Lager;https://picsum.photos/seed/17-51/400/500;https://belboon-tracking.example.com/out/S17-00051
S17-00052;4755314667221;Wrangler;Wrangler Baggy Wide Leg;Wrangler Baggy Wide Leg. entspannte Passform, Low Waist. verjüngtes Bein, dunkel gewaschen. Material: 80% Baumwolle, 18% Polyester, 2% Elasthan. Verschluss: Knopfleiste.;Herrenjeans;30x30;dunkelblau;60,86;118,26;verfuegbar;https://picsum.photos/seed/17-52/400/500;https://belboon-tracking.example.com/out/S17-00052
S17-00053;4602099235044;WRANGLER;WRANGLER Bootcut Classic;Wrangler Bootcut Classic. Wide Leg, tief sitzend. gerades Bein, mittlere Waschung. Material: 100% Cotton. Verschluss: Knopfleiste. GOTS zertifiziert. Stretchanteil für hohen Tragekomfort.;Herrenjeans;W31/L36;grau;93,21;93,21;ausverkauft;https://picsum.photos/seed/17-53/400/500;https://belboon-tracking.example.com/out/S17-00053
S17-00054;4199504361911;TOMMY HILFIGER;TOMMY HILFIGER Slim Tapered;Tommy Hilfiger Slim Tapered. Baggy Fit, Low Waist. Straight Leg, schwarz. Material: 100% Cotton. Verschluss: Reißverschluss. GOTS zertifiziert.;Herrenjeans;34x32;indigo;100,89;100,89;verfuegbar;https://picsum.photos/seed/17-54/400/500;https://belboon-tracking.example.com/out/S17-00054
S17-00055;4193315371164;PEPE JEANS LONDON;PEPE JEANS LONDON Slim Tapered;Pepe Jeans Slim Tapered. weites Hosenbein, Low Waist. gerades Bein, dunkel gewaschen. Material: 100% Baumwolle. Verschluss: Reißverschluss. Bio-Baumwolle. Stretchanteil für hohen Tragekomfort.;Herrenjeans;34/36;indigo;53,09;63,79;verfuegbar;https://picsum.photos/seed/17-55/400/500;https://belboon-tracking.example.com/out/S17-00055
S17-00056;4921169722572;Levi Strauss & Co.;Levi Strauss & Co. Wide Leg High Rise;Levi's Wide Leg High Rise. Regular Fit, hohe Bundhöhe. gerades Bein, ungewaschen. Material: 100% Baumwolle. Verschluss: Knopfleiste. Bio-Baumwolle. Stretchanteil für hohen Tragekomfort.;Herrenjeans;W28/L36;indigo;66,66;66,66;verfuegbar;https://picsum.photos/seed/17-56/400/500;https://belboon-tracking.example.com/out/S17-00056
S17-00057;4217349294053;Diesel;Diesel 511 Slim;Diesel 511 Slim. super enge Passform, normale Bundhöhe. verjüngtes Bein, dunkel gewaschen. Material: 99% Cotton, 1% Elastane. Verschluss: Reißverschluss.;Herrenjeans;W 38 L 34;grau;28,38;43,14;verfuegbar;https://picsum.photos/seed/17-57/400/500;https://belboon-tracking.example.com/out/S17-00057
S17-00058;;DIESEL;DIESEL Slim Tapered;Diesel Slim Tapered. gerades Bein, high rise. Schlaghose, Dark Wash. Material: 100% Cotton. Verschluss: Reißverschluss. GOTS zertifiziert. Stretchanteil für hohen Tragekomfort.;Herrenjeans;W 29 L 36;schwarz;65,49;115,88;verfuegbar;https://picsum.photos/seed/17-58/400/500;https://belboon-tracking.example.com/out/S17-00058
S17-00059;4436560423063;DIESEL;DIESEL 511 Slim;Diesel 511 Slim. schmale Passform, hohe Bundhöhe. Schlaghose, stone washed. Material: 100% Cotton. Verschluss: Reißverschluss. GOTS zertifiziert. Stretchanteil für hohen Tragekomfort.;Herrenjeans;W 31 L 34;khaki;146,88;146,88;verfuegbar;https://picsum.photos/seed/17-59/400/500;https://belboon-tracking.example.com/out/S17-00059
S17-00060;4089119453597;Pepe Jeans;Pepe Jeans Bootcut Classic;Pepe Jeans Bootcut Classic. Skinny Fit, hohe Bundhöhe. Tapered Leg, Raw Denim. Material: 100% Cotton. Verschluss: Reißverschluss. GOTS zertifiziert. Stretchanteil für hohen Tragekomfort.;Herrenjeans;28/32;grau;148,36;148,36;verfuegbar;https://picsum.photos/seed/17-60/400/500;https://belboon-tracking.example.com/out/S17-00060
S17-00061;;Wrangler;Wrangler Loose Tapered;Wrangler Loose Tapered. Regular Fit, tief sitzend. Schlaghose, Mid Wash. Material: 100% Cotton. Verschluss: Knopfleiste. GOTS zertifiziert. Stretchanteil für hohen Tragekomfort.;Herrenjeans;W38/L30;schwarz;99,50;104,94;verfuegbar;https://picsum.photos/seed/17-61/400/500;https://belboon-tracking.example.com/out/S17-00061
S17-00062;4950584501424;Tommy Hilfiger Denim;Tommy Hilfiger Denim Relaxed Straight;Tommy Hilfiger Relaxed Straight. klassische Passform, tief sitzend. Schlaghose, Light Wash. Material: 100% Baumwolle. Verschluss: Knopfleiste. Bio-Baumwolle.;Herrenjeans;36/32;mittelblau;64,72;126,20;verfuegbar;https://picsum.photos/seed/17-62/400/500;https://belboon-tracking.example.com/out/S17-00062
S17-00063;4702827531370;WRANGLER;WRANGLER Loose Tapered;Wrangler Loose Tapered. gerades Bein, normale Bundhöhe. Flared, Destroyed. Material: 98% Baumwolle, 2% Elasthan. Verschluss: Reißverschluss. Stretchanteil für hohen Tragekomfort.;Herrenjeans;38x32;schwarz;128,21;143,29;ausverkauft;https://picsum.photos/seed/17-63/400/500;https://belboon-tracking.example.com/out/S17-00063
S17-00064;4935264748796;Levi's;Levi's Skinny Fit;Levi's Skinny Fit. Baggy, tief sitzend. Schlaghose, Black Denim. Material: 100% Cotton. Verschluss: Reißverschluss. GOTS zertifiziert.;Herrenjeans;34/34;grau;89,63;89,63;verfuegbar;https://picsum.photos/seed/17-64/400/500;https://belboon-tracking.example.com/out/S17-00064
S17-00065;4410376446583;G-Star;G-Star Bootcut Classic;G-Star Bootcut Classic. weites Hosenbein, tief sitzend. gerades Bein, Black Denim. Material: 98% Baumwolle, 2% Elasthan. Verschluss: Knopfleiste. Stretchanteil für hohen Tragekomfort.;Herrenjeans;W36/L34;mittelblau;84,87;110,42;verfuegbar;https://picsum.photos/seed/17-65/400/500;https://belboon-tracking.example.com/out/S17-00065
S17-00066;4839737446040;NUDIE;NUDIE Bootcut Classic;Nudie Jeans Bootcut Classic. super enge Passform, high rise. leicht ausgestellt, ungewaschen. Material: 100% Baumwolle. Verschluss: Reißverschluss. Bio-Baumwolle. Stretchanteil für hohen Tragekomfort.;Herrenjeans;34/36;dunkelblau;82,98;82,98;auf Lager;https://picsum.photos/seed/17-66/400/500;https://belboon-tracking.example.com/out/S17-00066
S17-00067;4539545619124;Jack & Jones;Jack & Jones Slim Tapered;Jack & Jones Slim Tapered. gerades Bein, Low Waist. Tapered Leg, Mid Wash. Material: 100% Baumwolle. Verschluss: Knopfleiste. Bio-Baumwolle.;Herrenjeans;W 30 L 32;dunkelblau;45,10;57,98;verfuegbar;https://picsum.photos/seed/17-67/400/500;https://belboon-tracking.example.com/out/S17-00067
S17-00068;4253438306759;Replay;Replay Loose Tapered;Replay Loose Tapered. Baggy Fit, Low Waist. gerades Bein, Raw Denim. Material: 80% Baumwolle, 18% Polyester, 2% Elasthan. Verschluss: Knopfleiste. Stretchanteil für hohen Tragekomfort.;Herrenjeans;W 30 L 30;schwarz;84,00;84,00;verfuegbar;https://picsum.photos/seed/17-68/400/500;https://belboon-tracking.example.com/out/S17-00068
S17-00069;4163001070014;G-Star;G-Star Straight Fit;G-Star Straight Fit. lockere Passform, normale Bundhöhe. Straight Leg, stone washed. Material: 98% Baumwolle, 2% Elasthan. Verschluss: Reißverschluss. Stretchanteil für hohen Tragekomfort.;Herrenjeans;36x34;khaki;45,09;45,09;verfuegbar;https://picsum.photos/seed/17-69/400/500;https://belboon-tracking.example.com/out/S17-00069
S17-00070;4489518778233;G-Star;G-Star Skinny Fit;G-Star Skinny Fit. Relaxed Fit, Mid Waist. leicht ausgestellt, Light Wash. Material: 100% Baumwolle. Verschluss: Reißverschluss. Bio-Baumwolle.;Herrenjeans;W32/L36;hellblau;49,19;59,88;verfuegbar;https://picsum.photos/seed/17-70/400/500;https://belboon-tracking.example.com/out/S17-00070
S17-00071;4573591078270;Nudie Jeans;Nudie Jeans Wide Leg High Rise;Nudie Jeans Wide Leg High Rise. schmale Passform, tief sitzend. gerades Bein, Black Denim. Material: 98% Baumwolle, 2% Elasthan. Verschluss: Reißverschluss. Stretchanteil für hohen Tragekomfort.;Herrenjeans;W 36 L 36;dunkelblau;92,83;92,83;verfuegbar;https://picsum.photos/seed/17-71/400/500;https://belboon-tracking.example.com/out/S17-00071
S17-00072;4131360272779;WRANGLER;WRANGLER Loose Tapered;Wrangler Loose Tapered. Loose Fit, Mid Waist. Straight Leg, mit Rissen. Material: 80% Baumwolle, 18% Polyester, 2% Elasthan. Verschluss: Reißverschluss.;Herrenjeans;31/30;grau;72,76;143,59;verfuegbar;https://picsum.photos/seed/17-72/400/500;https://belboon-tracking.example.com/out/S17-00072
S17-00073;;NUDIE;NUDIE Straight Fit;Nudie Jeans Straight Fit. skinny cut, High Waist. Bootcut, hell gewaschen. Material: 98% Baumwolle, 2% Elasthan. Verschluss: Reißverschluss.;Herrenjeans;W30/L34;mittelblau;80,65;80,65;verfuegbar;https://picsum.photos/seed/17-73/400/500;https://belboon-tracking.example.com/out/S17-00073
S17-00074;4712056451102;WRANGLER;WRANGLER 511 Slim;Wrangler 511 Slim. gerades Bein, Mid Waist. Bootcut, dunkel gewaschen. Material: 99% Cotton, 1% Elastane. Verschluss: Knopfleiste. Stretchanteil für hohen Tragekomfort.;Herrenjeans;38/30;hellblau;119,82;119,82;verfuegbar;https://picsum.photos/seed/17-74/400/500;https://belboon-tracking.example.com/out/S17-00074
S17-00075;4204297428350;REPLAY;REPLAY Straight Fit;Replay Straight Fit. entspannte Passform, high rise. Schlaghose, schwarz. Material: 100% Baumwolle. Verschluss: Knopfleiste. Bio-Baumwolle.;Herrenjeans;32x30;indigo;83,04;111,58;ausverkauft;https://picsum.photos/seed/17-75/400/500;https://belboon-tracking.example.com/out/S17-00075
S17-00076;4593836563357;REPLAY;REPLAY Athletic Tapered;Replay Athletic Tapered. entspannte Passform, Low Waist. verjüngtes Bein, Stonewashed. Material: 98% Baumwolle, 2% Elasthan. Verschluss: Reißverschluss.;Herrenjeans;W38/L32;indigo;126,92;126,92;verfuegbar;https://picsum.photos/seed/17-76/400/500;https://belboon-tracking.example.com/out/S17-00076
S17-00077;4749575172030;LEE Jeans;LEE Jeans Bootcut Classic;Lee Bootcut Classic. ausgestelltes Bein, High Waist. Schlaghose, ungewaschen. Material: 100% Baumwolle. Verschluss: Knopfleiste. Bio-Baumwolle. Stretchanteil für hohen Tragekomfort.;Herrenjeans;W 33 L 32;schwarz;37,32;50,27;ausverkauft;https://picsum.photos/seed/17-77/400/500;https://belboon-tracking.example.com/out/S17-00077
S17-00078;4116832039810;Hugo Boss;Hugo Boss Skinny Fit;BOSS Skinny Fit. Skinny Fit, Mid Waist. Straight Leg, used waschung. Material: 98% Baumwolle, 2% Elasthan. Verschluss: Knopfleiste.;Herrenjeans;W29/L30;indigo;26,28;47,07;verfuegbar;https://picsum.photos/seed/17-78/400/500;https://belboon-tracking.example.com/out/S17-00078
S17-00079;4718156061706;Tommy Hilfiger Denim;Tommy Hilfiger Denim Baggy Wide Leg;Tommy Hilfiger Baggy Wide Leg. Skinny Fit, normale Bundhöhe. Straight Leg, dunkel gewaschen. Material: 100% Baumwolle. Verschluss: Reißverschluss. Bio-Baumwolle.;Herrenjeans;W 32 L 30;grau;40,45;76,06;verfuegbar;https://picsum.photos/seed/17-79/400/500;https://belboon-tracking.example.com/out/S17-00079
S17-00080;;JACK JONES;JACK JONES Athletic Tapered;Jack & Jones Athletic Tapered. Straight Fit, Low Waist. Straight Leg, Mid Wash. Material: 100% Cotton. Verschluss: Knopfleiste. GOTS zertifiziert.;Herrenjeans;W 33 L 30;indigo;126,57;126,57;verfuegbar;https://picsum.photos/seed/17-80/400/500;https://belboon-tracking.example.com/out/S17-00080
S17-00081;4822737164107;LEE Jeans;LEE Jeans Bootcut Classic;Lee Bootcut Classic. weites Bein, Mid Waist. gerades Bein, schwarz. Material: 98% Baumwolle, 2% Elasthan. Verschluss: Knopfleiste.;Herrenjeans;34/32;grau;95,40;126,11;auf Lager;https://picsum.photos/seed/17-81/400/500;https://belboon-tracking.example.com/out/S17-00081
S17-00082;;G STAR;G STAR 501 Original;G-Star 501 Original. weites Hosenbein, tief sitzend. gerades Bein, mit Rissen. Material: 99% Cotton, 1% Elastane. Verschluss: Reißverschluss.;Herrenjeans;29/32;schwarz;84,74;130,00;verfuegbar;https://picsum.photos/seed/17-82/400/500;https://belboon-tracking.example.com/out/S17-00082
S17-00083;4604584113184;REPLAY;REPLAY 511 Slim;Replay 511 Slim. super enge Passform, hohe Bundhöhe. leicht ausgestellt, dunkel gewaschen. Material: 98% Baumwolle, 2% Elasthan. Verschluss: Knopfleiste. Stretchanteil für hohen Tragekomfort.;Herrenjeans;33x36;dunkelblau;69,98;92,89;verfuegbar;https://picsum.photos/seed/17-83/400/500;https://belboon-tracking.example.com/out/S17-00083
S17-00084;4941520494772;Hugo Boss;Hugo Boss 511 Slim;BOSS 511 Slim. Slim Fit, high rise. Schlaghose, Raw Denim. Material: 100% Baumwolle. Verschluss: Knopfleiste. Bio-Baumwolle. Stretchanteil für hohen Tragekomfort.;Herrenjeans;32/30;grau;89,35;89,35;verfuegbar;https://picsum.photos/seed/17-84/400/500;https://belboon-tracking.example.com/out/S17-00084
S17-00085;4280173576486;DIESEL;DIESEL Loose Tapered;Diesel Loose Tapered. Skinny Fit, high rise. gerades Bein, Used Look. Material: 98% Baumwolle, 2% Elasthan. Verschluss: Reißverschluss.;Herrenjeans;33/32;mittelblau;83,31;83,31;ausverkauft;https://picsum.photos/seed/17-85/400/500;https://belboon-tracking.example.com/out/S17-00085
S17-00086;4106977566409;NUDIE;NUDIE Regular Straight;Nudie Jeans Regular Straight. Skinny Fit, tief sitzend. Flared, Stonewashed. Material: 99% Cotton, 1% Elastane. Verschluss: Knopfleiste.;Herrenjeans;33/36;schwarz;97,14;119,89;verfuegbar;https://picsum.photos/seed/17-86/400/500;https://belboon-tracking.example.com/out/S17-00086
S17-00087;4695833812245;DIESEL;DIESEL Baggy Wide Leg;Diesel Baggy Wide Leg. Slim Fit, tief sitzend. Flared, hell gewaschen. Material: 99% Cotton, 1% Elastane. Verschluss: Reißverschluss.;Herrenjeans;33x36;hellblau;35,90;59,64;verfuegbar;https://picsum.photos/seed/17-87/400/500;https://belboon-tracking.example.com/out/S17-00087
S17-00088;4656068453028;Nudie Jeans;Nudie Jeans Regular Straight;Nudie Jeans Regular Straight. Skinny Fit, hohe Bundhöhe. Schlaghose, hell gewaschen. Material: 100% Cotton. Verschluss: Knopfleiste. GOTS zertifiziert. Stretchanteil für hohen Tragekomfort.;Herrenjeans;33/32;schwarz;45,70;48,17;verfuegbar;https://picsum.photos/seed/17-88/400/500;https://belboon-tracking.example.com/out/S17-00088
S17-00089;;Jack&Jones;Jack&Jones Regular Straight;Jack & Jones Regular Straight. lockere Passform, high rise. Straight Leg, Light Wash. Material: 100% Baumwolle. Verschluss: Knopfleiste. Bio-Baumwolle. Stretchanteil für hohen Tragekomfort.;Herrenjeans;W29/L36;hellblau;129,70;129,70;verfuegbar;https://picsum.photos/seed/17-89/400/500;https://belboon-tracking.example.com/out/S17-00089
S17-00090;4292365484702;Tommy Hilfiger Denim;Tommy Hilfiger Denim 511 Slim;Tommy Hilfiger 511 Slim. klassische Passform, Low Waist. Flared, schwarz. Material: 100% Cotton. Verschluss: Reißverschluss. GOTS zertifiziert. Stretchanteil für hohen Tragekomfort.;Herrenjeans;36/36;schwarz;109,56;131,84;verfuegbar;https://picsum.photos/seed/17-90/400/500;https://belboon-tracking.example.com/out/S17-00090
S17-00091;;LEE Jeans;LEE Jeans Baggy Wide Leg;Lee Baggy Wide Leg. weites Bein, tief sitzend. Bootcut, hell gewaschen. Material: 80% Baumwolle, 18% Polyester, 2% Elasthan. Verschluss: Knopfleiste. Stretchanteil für hohen Tragekomfort.;Herrenjeans;W 31 L 34;khaki;116,12;137,20;auf Lager;https://picsum.photos/seed/17-91/400/500;https://belboon-tracking.example.com/out/S17-00091
S17-00092;;Jack & Jones;Jack & Jones Bootcut Classic;Jack & Jones Bootcut Classic. Regular Fit, Low Waist. Schlaghose, Used Look. Material: 99% Cotton, 1% Elastane. Verschluss: Knopfleiste. Stretchanteil für hohen Tragekomfort.;Herrenjeans;W 31 L 32;khaki;57,84;65,45;verfuegbar;https://picsum.photos/seed/17-92/400/500;https://belboon-tracking.example.com/out/S17-00092
S17-00093;4234238949832;Replay;Replay Baggy Wide Leg;Replay Baggy Wide Leg. skinny cut, tief sitzend. verjüngtes Bein, Stonewashed. Material: 100% Cotton. Verschluss: Reißverschluss. GOTS zertifiziert.;Herrenjeans;29x34;mittelblau;117,09;117,09;verfuegbar;https://picsum.photos/seed/17-93/400/500;https://belboon-tracking.example.com/out/S17-00093
S17-00094;4767893717470;WRANGLER;WRANGLER Loose Tapered;Wrangler Loose Tapered. Loose Fit, tief sitzend. Flared, Used Look. Material: 100% Cotton. Verschluss: Knopfleiste. GOTS zertifiziert. Stretchanteil für hohen Tragekomfort.;Herrenjeans;W28/L36;schwarz;81,75;81,75;ausverkauft;https://picsum.photos/seed/17-94/400/500;https://belboon-tracking.example.com/out/S17-00094
S17-00095;4559980847703;TOMMY HILFIGER;TOMMY HILFIGER Skinny Fit;Tommy Hilfiger Skinny Fit. Regular Fit, hohe Bundhöhe. leicht ausgestellt, Used Look. Material: 80% Baumwolle, 18% Polyester, 2% Elasthan. Verschluss: Reißverschluss. Stretchanteil für hohen Tragekomfort.;Herrenjeans;W33/L30;indigo;69,57;87,82;verfuegbar;https://picsum.photos/seed/17-95/400/500;https://belboon-tracking.example.com/out/S17-00095
S17-00096;4174995825659;Calvin Klein;Calvin Klein Loose Tapered;Calvin Klein Loose Tapered. gerades Bein, high rise. Schlaghose, hell gewaschen. Material: 100% Baumwolle. Verschluss: Knopfleiste. Bio-Baumwolle.;Herrenjeans;W36/L30;hellblau;51,25;80,43;verfuegbar;https://picsum.photos/seed/17-96/400/500;https://belboon-tracking.example.com/out/S17-00096
S17-00097;4897647957827;Lee;Lee Straight Fit;Lee Straight Fit. straight leg, hohe Bundhöhe. Flared, Light Wash. Material: 100% Cotton. Verschluss: Reißverschluss. GOTS zertifiziert. Stretchanteil für hohen Tragekomfort.;Herrenjeans;W38/L34;grau;142,42;142,42;verfuegbar;https://picsum.photos/seed/17-97/400/500;https://belboon-tracking.example.com/out/S17-00097
S17-00098;4456243329092;Nudie Jeans;Nudie Jeans Relaxed Straight;Nudie Jeans Relaxed Straight. Relaxed Fit, hohe Bundhöhe. verjüngtes Bein, hell gewaschen. Material: 80% Baumwolle, 18% Polyester, 2% Elasthan. Verschluss: Reißverschluss. Stretchanteil für hohen Tragekomfort.;Herrenjeans;30x30;hellblau;97,11;125,21;verfuegbar;https://picsum.photos/seed/17-98/400/500;https://belboon-tracking.example.com/out/S17-00098
S17-00099;4998682140082;Replay;Replay Baggy Wide Leg;Replay Baggy Wide Leg. schmale Passform, Mid Waist. Flared, mittlere Waschung. Material: 100% Cotton. Verschluss: Knopfleiste. GOTS zertifiziert. Stretchanteil für hohen Tragekomfort.;Herrenjeans;31/32;indigo;62,52;62,52;verfuegbar;https://picsum.photos/seed/17-99/400/500;https://belboon-tracking.example.com/out/S17-00099
S17-00100;4332478794668;Hugo Boss;Hugo Boss Bootcut Classic;BOSS Bootcut Classic. entspannte Passform, High Waist. Straight Leg, Light Wash. Material: 99% Cotton, 1% Elastane. Verschluss: Knopfleiste. Stretchanteil für hohen Tragekomfort.;Herrenjeans;W 29 L 32;dunkelblau;53,82;63,74;verfuegbar;https://picsum.photos/seed/17-100/400/500;https://belboon-tracking.example.com/out/S17-00100
S17-00101;4148075879021;LEE Jeans;LEE Jeans Baggy Wide Leg;Lee Baggy Wide Leg. straight leg, high rise. verjüngtes Bein, Stonewashed. Material: 100% Cotton. Verschluss: Knopfleiste. GOTS zertifiziert.;Herrenjeans;32/32;grau;51,43;77,73;verfuegbar;https://picsum.photos/seed/17-101/400/500;https://belboon-tracking.example.com/out/S17-00101
S17-00102;4017045930990;WRANGLER;WRANGLER Baggy Wide Leg;Wrangler Baggy Wide Leg. entspannte Passform, Low Waist. Tapered Leg, Dark Wash. Material: 80% Baumwolle, 18% Polyester, 2% Elasthan. Verschluss: Knopfleiste. Stretchanteil für hohen Tragekomfort.;Herrenjeans;36/32;grau;71,56;71,56;verfuegbar;https://picsum.photos/seed/17-102/400/500;https://belboon-tracking.example.com/out/S17-00102
S17-00103;4420152291736;WRANGLER;WRANGLER Bootcut Classic;Wrangler Bootcut Classic. weites Hosenbein, Low Waist. Straight Leg, mittlere Waschung. Material: 100% Cotton. Verschluss: Knopfleiste. GOTS zertifiziert. Stretchanteil für hohen Tragekomfort.;Herrenjeans;36x34;dunkelblau;68,22;80,33;verfuegbar;https://picsum.photos/seed/17-103/400/500;https://belboon-tracking.example.com/out/S17-00103
S17-00104;4055673910065;Tommy Hilfiger;Tommy Hilfiger Slim Tapered;Tommy Hilfiger Slim Tapered. Baggy, tief sitzend. gerades Bein, schwarz. Material: 100% Cotton. Verschluss: Reißverschluss. GOTS zertifiziert.;Herrenjeans;W31/L36;schwarz;131,27;131,27;verfuegbar;https://picsum.photos/seed/17-104/400/500;https://belboon-tracking.example.com/out/S17-00104
S17-00105;4507417055426;PEPE JEANS LONDON;PEPE JEANS LONDON Slim Tapered;Pepe Jeans Slim Tapered. Wide Leg, Low Waist. Straight Leg, Dark Wash. Material: 100% Baumwolle. Verschluss: Reißverschluss. Bio-Baumwolle. Stretchanteil für hohen Tragekomfort.;Herrenjeans;36x32;schwarz;46,22;88,13;verfuegbar;https://picsum.photos/seed/17-105/400/500;https://belboon-tracking.example.com/out/S17-00105
S17-00106;4100737097327;LEVIS;LEVIS Wide Leg High Rise;Levi's Wide Leg High Rise. klassische Passform, high rise. Straight Leg, Raw Denim. Material: 100% Baumwolle. Verschluss: Knopfleiste. Bio-Baumwolle. Stretchanteil für hohen Tragekomfort.;Herrenjeans;36/30;mittelblau;93,74;114,23;verfuegbar;https://picsum.photos/seed/17-106/400/500;https://belboon-tracking.example.com/out/S17-00106
S17-00107;4413003624262;DIESEL;DIESEL 511 Slim;Diesel 511 Slim. Skinny Fit, Mid Waist. verjüngtes Bein, Dark Wash. Material: 99% Cotton, 1% Elastane. Verschluss: Reißverschluss. Stretchanteil für hohen Tragekomfort.;Herrenjeans;W36/L34;hellblau;103,98;125,72;verfuegbar;https://picsum.photos/seed/17-107/400/500;https://belboon-tracking.example.com/out/S17-00107
S17-00108;4315449277133;Diesel;Diesel Slim Tapered;Diesel Slim Tapered. Straight Fit, High Waist. Flared, Dark Wash. Material: 100% Cotton. Verschluss: Reißverschluss. GOTS zertifiziert.;Herrenjeans;30x30;schwarz;90,37;90,37;ausverkauft;https://picsum.photos/seed/17-108/400/500;https://belboon-tracking.example.com/out/S17-00108
S17-00109;4237244881036;DIESEL;DIESEL 511 Slim;Diesel 511 Slim. schmale Passform, hohe Bundhöhe. Schlaghose, Stonewashed. Material: 100% Cotton. Verschluss: Reißverschluss. GOTS zertifiziert.;Herrenjeans;28x36;dunkelblau;61,10;121,59;auf Lager;https://picsum.photos/seed/17-109/400/500;https://belboon-tracking.example.com/out/S17-00109
S17-00110;;PEPE JEANS LONDON;PEPE JEANS LONDON Bootcut Classic;Pepe Jeans Bootcut Classic. Skinny Fit, High Waist. Tapered Leg, ungewaschen. Material: 100% Cotton. Verschluss: Reißverschluss. GOTS zertifiziert. Stretchanteil für hohen Tragekomfort.;Herrenjeans;31/34;dunkelblau;47,91;47,91;ausverkauft;https://picsum.photos/seed/17-110/400/500;https://belboon-tracking.example.com/out/S17-00110
S17-00111;4763047860961;Wrangler;Wrangler Loose Tapered;Wrangler Loose Tapered. klassische Passform, tief sitzend. Flared, Mid Wash. Material: 100% Cotton. Verschluss: Knopfleiste. GOTS zertifiziert.;Herrenjeans;28x30;schwarz;69,10;69,10;verfuegbar;https://picsum.photos/seed/17-111/400/500;https://belboon-tracking.example.com/out/S17-00111
S17-00112;4760733297181;Tommy Hilfiger Denim;Tommy Hilfiger Denim Relaxed Straight;Tommy Hilfiger Relaxed Straight. klassische Passform, tief sitzend. Flared, Light Wash. Material: 100% Baumwolle. Verschluss: Knopfleiste. Bio-Baumwolle.;Herrenjeans;W33/L36;dunkelblau;58,16;109,91;verfuegbar;https://picsum.photos/seed/17-112/400/500;https://belboon-tracking.example.com/out/S17-00112
S17-00113;4934622870906;WRANGLER;WRANGLER Loose Tapered;Wrangler Loose Tapered. gerades Bein, normale Bundhöhe. Flared, mit Rissen. Material: 98% Baumwolle, 2% Elasthan. Verschluss: Reißverschluss.;Herrenjeans;38x30;indigo;131,17;138,98;ausverkauft;https://picsum.photos/seed/17-113/400/500;https://belboon-tracking.example.com/out/S17-00113
S17-00114;4000831314297;Levi's;Levi's Skinny Fit;Levi's Skinny Fit. Baggy Fit, tief sitzend. Flared, Black Denim. Material: 100% Cotton. Verschluss: Reißverschluss. GOTS zertifiziert.;Herrenjeans;36/36;grau;139,74;139,74;ausverkauft;https://picsum.photos/seed/17-114/400/500;https://belboon-tracking.example.com/out/S17-00114
S17-00115;;G-Star;G-Star Bootcut Classic;G-Star Bootcut Classic. ausgestelltes Bein, tief sitzend. gerades Bein, Black Denim. Material: 98% Baumwolle, 2% Elasthan. Verschluss: Knopfleiste. Stretchanteil für hohen Tragekomfort.;Herrenjeans;W 34 L 30;indigo;76,46;97,18;verfuegbar;https://picsum.photos/seed/17-115/400/500;https://belboon-tracking.example.com/out/S17-00115
S17-00116;4914953092244;Nudie Jeans;Nudie Jeans Bootcut Classic;Nudie Jeans Bootcut Classic. Skinny Fit, hohe Bundhöhe. leicht ausgestellt, ungewaschen. Material: 100% Baumwolle. Verschluss: Reißverschluss. Bio-Baumwolle.;Herrenjeans;W38/L34;khaki;38,26;58,55;verfuegbar;https://picsum.photos/seed/17-116/400/500;https://belboon-tracking.example.com/out/S17-00116
S17-00117;4508245425935;JACK JONES;JACK JONES Slim Tapered;Jack & Jones Slim Tapered. straight leg, Low Waist. verjüngtes Bein, mittlere Waschung. Material: 100% Baumwolle. Verschluss: Knopfleiste. Bio-Baumwolle.;Herrenjeans;28x32;dunkelblau;58,90;65,35;verfuegbar;https://picsum.photos/seed/17-117/400/500;https://belboon-tracking.example.com/out/S17-00117
S17-00118;;REPLAY;REPLAY Loose Tapered;Replay Loose Tapered. extra weit geschnitten, Low Waist. gerades Bein, Raw Denim. Material: 80% Baumwolle, 18% Polyester, 2% Elasthan. Verschluss: Knopfleiste.;Herrenjeans;W 31 L 34;khaki;31,77;50,74;verfuegbar;https://picsum.photos/seed/17-118/400/500;https://belboon-tracking.example.com/out/S17-00118
S17-00119;4912473989645;G-Star RAW;G-Star RAW Straight Fit;G-Star Straight Fit. Loose Fit, normale Bundhöhe. Straight Leg, Stonewashed. Material: 98% Baumwolle, 2% Elasthan. Verschluss: Reißverschluss. Stretchanteil für hohen Tragekomfort.;Herrenjeans;W32/L34;dunkelblau;61,06;84,38;verfuegbar;https://picsum.photos/seed/17-119/400/500;https://belboon-tracking.example.com/out/S17-00119
S17-00120;4169651441446;G-Star;G-Star Skinny Fit;G-Star Skinny Fit. entspannte Passform, normale Bundhöhe. leicht ausgestellt, hell gewaschen. Material: 100% Baumwolle. Verschluss: Reißverschluss. Bio-Baumwolle. Stretchanteil für hohen Tragekomfort.;Herrenjeans;31x30;khaki;122,80;122,80;verfuegbar;https://picsum.photos/seed/17-120/400/500;https://belboon-tracking.example.com/out/S17-00120
S17-00121;4339320068159;Nudie Jeans;Nudie Jeans Wide Leg High Rise;Nudie Jeans Wide Leg High Rise. slim cut, Low Waist. gerades Bein, schwarz. Material: 98% Baumwolle, 2% Elasthan. Verschluss: Reißverschluss.;Herrenjeans;29/32;dunkelblau;37,67;45,88;verfuegbar;https://picsum.photos/seed/17-121/400/500;https://belboon-tracking.example.com/out/S17-00121
S17-00122;4211314776871;WRANGLER;WRANGLER Loose Tapered;Wrangler Loose Tapered. lockere Passform, normale Bundhöhe. gerades Bein, mit Rissen. Material: 80% Baumwolle, 18% Polyester, 2% Elasthan. Verschluss: Reißverschluss. Stretchanteil für hohen Tragekomfort.;Herrenjeans;W38/L34;hellblau;105,93;134,52;verfuegbar;https://picsum.photos/seed/17-122/400/500;https://belboon-tracking.example.com/out/S17-00122
S17-00123;;NUDIE;NUDIE Straight Fit;Nudie Jeans Straight Fit. skinny cut, hohe Bundhöhe. leicht ausgestellt, Light Wash. Material: 98% Baumwolle, 2% Elasthan. Verschluss: Reißverschluss.;Herrenjeans;W30/L34;khaki;31,87;42,39;verfuegbar;https://picsum.photos/seed/17-123/400/500;https://belboon-tracking.example.com/out/S17-00123
S17-00124;4487653065418;Wrangler;Wrangler 511 Slim;Wrangler 511 Slim. Straight Fit, Mid Waist. leicht ausgestellt, Dark Wash. Material: 99% Cotton, 1% Elastane. Verschluss: Knopfleiste. Stretchanteil für hohen Tragekomfort.;Herrenjeans;32/32;dunkelblau;51,57;51,57;verfuegbar;https://picsum.photos/seed/17-124/400/500;https://belboon-tracking.example.com/out/S17-00124
S17-00125;4771763209847;REPLAY;REPLAY Straight Fit;Replay Straight Fit. entspannte Passform, hohe Bundhöhe. Schlaghose, Black Denim. Material: 100% Baumwolle. Verschluss: Knopfleiste. Bio-Baumwolle.;Herrenjeans;29x36;mittelblau;62,37;69,22;verfuegbar;https://picsum.photos/seed/17-125/400/500;https://belboon-tracking.example.com/out/S17-00125
S17-00126;4768454213033;REPLAY;REPLAY Athletic Tapered;Replay Athletic Tapered. Relaxed Fit, tief sitzend. verjüngtes Bein, stone washed. Material: 98% Baumwolle, 2% Elasthan. Verschluss: Reißverschluss. Stretchanteil für hohen Tragekomfort.;Herrenjeans;38x30;hellblau;132,92;132,92;verfuegbar;https://picsum.photos/seed/17-126/400/500;https://belboon-tracking.example.com/out/S17-00126
S17-00127;4864707174265;LEE Jeans;LEE Jeans Bootcut Classic;Lee Bootcut Classic. weites Hosenbein, hohe Bundhöhe. Flared, Raw Denim. Material: 100% Baumwolle. Verschluss: Knopfleiste. Bio-Baumwolle. Stretchanteil für hohen Tragekomfort.;Herrenjeans;W 30 L 34;schwarz;104,13;104,13;verfuegbar;https://picsum.photos/seed/17-127/400/500;https://belboon-tracking.example.com/out/S17-00127
S17-00128;;BOSS;BOSS Skinny Fit;BOSS Skinny Fit. super enge Passform, Mid Waist. gerades Bein, Used Look. Material: 98% Baumwolle, 2% Elasthan. Verschluss: Knopfleiste.;Herrenjeans;36/36;indigo;66,49;86,14;verfuegbar;https://picsum.photos/seed/17-128/400/500;https://belboon-tracking.example.com/out/S17-00128
S17-00129;4070367955875;Tommy Hilfiger Denim;Tommy Hilfiger Denim Baggy Wide Leg;Tommy Hilfiger Baggy Wide Leg. Skinny Fit, normale Bundhöhe. gerades Bein, dunkel gewaschen. Material: 100% Baumwolle. Verschluss: Reißverschluss. Bio-Baumwolle.;Herrenjeans;36x36;hellblau;58,96;78,98;verfuegbar;https://picsum.photos/seed/17-129/400/500;https://belboon-tracking.example.com/out/S17-00129
S17-00130;4488861866578;Jack & Jones;Jack & Jones Athletic Tapered;Jack & Jones Athletic Tapered. gerades Bein, tief sitzend. Straight Leg, Mid Wash. Material: 100% Cotton. Verschluss: Knopfleiste. GOTS zertifiziert.;Herrenjeans;30x30;indigo;41,52;58,63;auf Lager;https://picsum.photos/seed/17-130/400/500;https://belboon-tracking.example.com/out/S17-00130
S17-00131;4639465919076;Lee;Lee Bootcut Classic;Lee Bootcut Classic. Loose Fit, Mid Waist. gerades Bein, schwarz. Material: 98% Baumwolle, 2% Elasthan. Verschluss: Knopfleiste. Stretchanteil für hohen Tragekomfort.;Herrenjeans;34x34;indigo;78,71;145,57;verfuegbar;https://picsum.photos/seed/17-131/400/500;https://belboon-tracking.example.com/out/S17-00131
S17-00132;4333631165183;G-Star RAW;G-Star RAW 501 Original;G-Star 501 Original. ausgestelltes Bein, tief sitzend. Straight Leg, mit Rissen. Material: 99% Cotton, 1% Elastane. Verschluss: Reißverschluss. Stretchanteil für hohen Tragekomfort.;Herrenjeans;36/32;indigo;91,77;91,77;verfuegbar;https://picsum.photos/seed/17-132/400/500;https://belboon-tracking.example.com/out/S17-00132
S17-00133;4000228180081;REPLAY;REPLAY 511 Slim;Replay 511 Slim. Skinny Fit, hohe Bundhöhe. Bootcut, Dark Wash. Material: 98% Baumwolle, 2% Elasthan. Verschluss: Knopfleiste. Stretchanteil für hohen Tragekomfort.;Herrenjeans;W 34 L 32;indigo;50,12;50,12;ausverkauft;https://picsum.photos/seed/17-133/400/500;https://belboon-tracking.example.com/out/S17-00133
S17-00134;4191823923425;Hugo Boss;Hugo Boss 511 Slim;BOSS 511 Slim. Slim Fit, High Waist. Schlaghose, ungewaschen. Material: 100% Baumwolle. Verschluss: Knopfleiste. Bio-Baumwolle.;Herrenjeans;34x34;hellblau;106,42;106,42;verfuegbar;https://picsum.photos/seed/17-134/400/500;https://belboon-tracking.example.com/out/S17-00134
S17-00135;;DIESEL;DIESEL Loose Tapered;Diesel Loose Tapered. skinny cut, hohe Bundhöhe. Straight Leg, Used Look. Material: 98% Baumwolle, 2% Elasthan. Verschluss: Reißverschluss. Stretchanteil für hohen Tragekomfort.;Herrenjeans;32/32;khaki;41,80;41,80;ausverkauft;https://picsum.photos/seed/17-135/400/500;https://belboon-tracking.example.com/out/S17-00135
S17-00136;4900019201681;NUDIE;NUDIE Regular Straight;Nudie Jeans Regular Straight. super enge Passform, tief sitzend. Flared, Stonewashed. Material: 99% Cotton, 1% Elastane. Verschluss: Knopfleiste. Stretchanteil für hohen Tragekomfort.;Herrenjeans;34x36;dunkelblau;142,01;142,01;ausverkauft;https://picsum.photos/seed/17-136/400/500;https://belboon-tracking.example.com/out/S17-00136
S17-00137;;Diesel;Diesel Baggy Wide Leg;Diesel Baggy Wide Leg. slim cut, tief sitzend. Schlaghose, Light Wash. Material: 99% Cotton, 1% Elastane. Verschluss: Reißverschluss.;Herrenjeans;W 36 L 32;mittelblau;81,41;107,21;verfuegbar;https://picsum.photos/seed/17-137/400/500;https://belboon-tracking.example.com/out/S17-00137
S17-00138;4516449335951;Nudie Jeans;Nudie Jeans Regular Straight;Nudie Jeans Regular Straight. skinny cut, high rise. Schlaghose, Light Wash. Material: 100% Cotton. Verschluss: Knopfleiste. GOTS zertifiziert.;Herrenjeans;W 29 L 32;indigo;85,37;116,07;verfuegbar;https://picsum.photos/seed/17-138/400/500;https://belboon-tracking.example.com/out/S17-00138
S17-00139;4880372777813;JACK JONES;JACK JONES Regular Straight;Jack & Jones Regular Straight. lockere Passform, High Waist. Straight Leg, hell gewaschen. Material: 100% Baumwolle. Verschluss: Knopfleiste. Bio-Baumwolle.;Herrenjeans;28x36;indigo;93,94;123,89;verfuegbar;https://picsum.photos/seed/17-139/400/500;https://belboon-tracking.example.com/out/S17-00139
S17-00140;;Tommy Hilfiger Denim;Tommy Hilfiger Denim 511 Slim;Tommy Hilfiger 511 Slim. Regular Fit, tief sitzend. Schlaghose, Black Denim. Material: 100% Cotton. Verschluss: Reißverschluss. GOTS zertifiziert. Stretchanteil für hohen Tragekomfort.;Herrenjeans;32x30;dunkelblau;134,62;134,62;verfuegbar;https://picsum.photos/seed/17-140/400/500;https://belboon-tracking.example.com/out/S17-00140
S17-00141;4811809820393;Lee;Lee Baggy Wide Leg;Lee Baggy Wide Leg. weites Bein, Low Waist. Bootcut, hell gewaschen. Material: 80% Baumwolle, 18% Polyester, 2% Elasthan. Verschluss: Knopfleiste. Stretchanteil für hohen Tragekomfort.;Herrenjeans;32/34;hellblau;140,79;140,79;verfuegbar;https://picsum.photos/seed/17-141/400/500;https://belboon-tracking.example.com/out/S17-00141
S17-00142;4653458100982;Jack & Jones;Jack & Jones Bootcut Classic;Jack & Jones Bootcut Classic. klassische Passform, tief sitzend. Schlaghose, Used Look. Material: 99% Cotton, 1% Elastane. Verschluss: Knopfleiste.;Herrenjeans;32x32;mittelblau;61,72;69,52;verfuegbar;https://picsum.photos/seed/17-142/400/500;https://belboon-tracking.example.com/out/S17-00142
S17-00143;;Replay;Replay Baggy Wide Leg;Replay Baggy Wide Leg. super enge Passform, tief sitzend. verjüngtes Bein, stone washed. Material: 100% Cotton. Verschluss: Reißverschluss. GOTS zertifiziert. Stretchanteil für hohen Tragekomfort.;Herrenjeans;W 30 L 32;khaki;40,99;48,80;verfuegbar;https://picsum.photos/seed/17-143/400/500;https://belboon-tracking.example.com/out/S17-00143
S17-00144;4313583563968;WRANGLER;WRANGLER Loose Tapered;Wrangler Loose Tapered. lockere Passform, tief sitzend. Flared, Used Look. Material: 100% Cotton. Verschluss: Knopfleiste. GOTS zertifiziert.;Herrenjeans;38x32;mittelblau;58,67;103,80;verfuegbar;https://picsum.photos/seed/17-144/400/500;https://belboon-tracking.example.com/out/S17-00144
S17-00145;4718356232197;TOMMY HILFIGER;TOMMY HILFIGER Skinny Fit;Tommy Hilfiger Skinny Fit. klassische Passform, hohe Bundhöhe. Bootcut, Used Look. Material: 80% Baumwolle, 18% Polyester, 2% Elasthan. Verschluss: Reißverschluss.;Herrenjeans;W 33 L 36;mittelblau;94,78;94,78;verfuegbar;https://picsum.photos/seed/17-145/400/500;https://belboon-tracking.example.com/out/S17-00145
S17-00146;;Calvin Klein;Calvin Klein Loose Tapered;Calvin Klein Loose Tapered. straight leg, hohe Bundhöhe. Schlaghose, Light Wash. Material: 100% Baumwolle. Verschluss: Knopfleiste. Bio-Baumwolle.;Herrenjeans;W30/L34;schwarz;20,86;41,28;verfuegbar;https://picsum.photos/seed/17-146/400/500;https://belboon-tracking.example.com/out/S17-00146
S17-00147;4982072642693;Lee;Lee Straight Fit;Lee Straight Fit. straight leg, high rise. Flared, Light Wash. Material: 100% Cotton. Verschluss: Reißverschluss. GOTS zertifiziert. Stretchanteil für hohen Tragekomfort.;Herrenjeans;W31/L30;indigo;141,38;141,38;verfuegbar;https://picsum.photos/seed/17-147/400/500;https://belboon-tracking.example.com/out/S17-00147
S17-00148;4085625249955;NUDIE;NUDIE Relaxed Straight;Nudie Jeans Relaxed Straight. entspannte Passform, hohe Bundhöhe. verjüngtes Bein, hell gewaschen. Material: 80% Baumwolle, 18% Polyester, 2% Elasthan. Verschluss: Reißverschluss. Stretchanteil für hohen Tragekomfort.;Herrenjeans;30/36;dunkelblau;35,64;58,06;verfuegbar;https://picsum.photos/seed/17-148/400/500;https://belboon-tracking.example.com/out/S17-00148
S17-00149;;REPLAY;REPLAY Baggy Wide Leg;Replay Baggy Wide Leg. Slim Fit, normale Bundhöhe. Flared, mittlere Waschung. Material: 100% Cotton. Verschluss: Knopfleiste. GOTS zertifiziert.;Herrenjeans;32x30;hellblau;103,56;103,56;verfuegbar;https://picsum.photos/seed/17-149/400/500;https://belboon-tracking.example.com/out/S17-00149
S17-00150;4675247828337;BOSS;BOSS Bootcut Classic;BOSS Bootcut Classic. entspannte Passform, high rise. gerades Bein, Light Wash. Material: 99% Cotton, 1% Elastane. Verschluss: Knopfleiste. Stretchanteil für hohen Tragekomfort.;Herrenjeans;34x32;dunkelblau;57,66;57,66;verfuegbar;https://picsum.photos/seed/17-150/400/500;https://belboon-tracking.example.com/out/S17-00150
S17-00151;4042661453716;LEE Jeans;LEE Jeans Baggy Wide Leg;Lee Baggy Wide Leg. gerades Bein, High Waist. verjüngtes Bein, stone washed. Material: 100% Cotton. Verschluss: Knopfleiste. GOTS zertifiziert.;Herrenjeans;W32/L36;indigo;121,44;121,44;verfuegbar;https://picsum.photos/seed/17-151/400/500;https://belboon-tracking.example.com/out/S17-00151
S17-00152;4247132971054;Wrangler;Wrangler Baggy Wide Leg;Wrangler Baggy Wide Leg. entspannte Passform, tief sitzend. Tapered Leg, dunkel gewaschen. Material: 80% Baumwolle, 18% Polyester, 2% Elasthan. Verschluss: Knopfleiste. Stretchanteil für hohen Tragekomfort.;Herrenjeans;36x36;schwarz;90,31;106,07;verfuegbar;https://picsum.photos/seed/17-152/400/500;https://belboon-tracking.example.com/out/S17-00152
S17-00153;;WRANGLER;WRANGLER Bootcut Classic;Wrangler Bootcut Classic. weites Hosenbein, Low Waist. Straight Leg, Mid Wash. Material: 100% Cotton. Verschluss: Knopfleiste. GOTS zertifiziert.;Herrenjeans;W34/L30;mittelblau;93,00;99,75;auf Lager;https://picsum.photos/seed/17-153/400/500;https://belboon-tracking.example.com/out/S17-00153
S17-00154;;TOMMY HILFIGER;TOMMY HILFIGER Slim Tapered;Tommy Hilfiger Slim Tapered. Baggy, Low Waist. Straight Leg, Black Denim. Material: 100% Cotton. Verschluss: Reißverschluss. GOTS zertifiziert. Stretchanteil für hohen Tragekomfort.;Herrenjeans;31x34;mittelblau;37,97;57,39;verfuegbar;https://picsum.photos/seed/17-154/400/500;https://belboon-tracking.example.com/out/S17-00154
S17-00155;4918972479250;PEPE JEANS LONDON;PEPE JEANS LONDON Slim Tapered;Pepe Jeans Slim Tapered. Wide Leg, Low Waist. gerades Bein, Dark Wash. Material: 100% Baumwolle. Verschluss: Reißverschluss. Bio-Baumwolle. Stretchanteil für hohen Tragekomfort.;Herrenjeans;31x36;mittelblau;39,65;50,22;verfuegbar;https://picsum.photos/seed/17-155/400/500;https://belboon-tracking.example.com/out/S17-00155
S17-00156;4956395061779;Levi Strauss & Co.;Levi Strauss & Co. Wide Leg High Rise;Levi's Wide Leg High Rise. Regular Fit, high rise. Straight Leg, Raw Denim. Material: 100% Baumwolle. Verschluss: Knopfleiste. Bio-Baumwolle. Stretchanteil für hohen Tragekomfort.;Herrenjeans;W28/L36;hellblau;59,68;74,58;verfuegbar;https://picsum.photos/seed/17-156/400/500;https://belboon-tracking.example.com/out/S17-00156
S17-00157;4013445557199;Diesel;Diesel 511 Slim;Diesel 511 Slim. skinny cut, Mid Waist. verjüngtes Bein, Dark Wash. Material: 99% Cotton, 1% Elastane. Verschluss: Reißverschluss. Stretchanteil für hohen Tragekomfort.;Herrenjeans;36x30;hellblau;141,21;141,21;ausverkauft;https://picsum.photos/seed/17-157/400/500;https://belboon-tracking.example.com/out/S17-00157
S17-00158;;Diesel;Diesel Slim Tapered;Diesel Slim Tapered. gerades Bein, hohe Bundhöhe. Schlaghose, dunkel gewaschen. Material: 100% Cotton. Verschluss: Reißverschluss. GOTS zertifiziert. Stretchanteil für hohen Tragekomfort.;Herrenjeans;W29/L30;mittelblau;94,29;121,35;verfuegbar;https://picsum.photos/seed/17-158/400/500;https://belboon-tracking.example.com/out/S17-00158
S17-00159;4301166308667;Diesel;Diesel 511 Slim;Diesel 511 Slim. schmale Passform, High Waist. Schlaghose, Stonewashed. Material: 100% Cotton. Verschluss: Reißverschluss. GOTS zertifiziert. Stretchanteil für hohen Tragekomfort.;Herrenjeans;W 38 L 32;indigo;57,38;74,83;verfuegbar;https://picsum.photos/seed/17-159/400/500;https://belboon-tracking.example.com/out/S17-00159
S17-00160;;PEPE JEANS LONDON;PEPE JEANS LONDON Bootcut Classic;Pepe Jeans Bootcut Classic. Skinny Fit, High Waist. Tapered Leg, Raw Denim. Material: 100% Cotton. Verschluss: Reißverschluss. GOTS zertifiziert.;Herrenjeans;W28/L32;mittelblau;121,94;143,47;verfuegbar;https://picsum.photos/seed/17-160/400/500;https://belboon-tracking.example.com/out/S17-00160
S17-00161;4496167880015;WRANGLER;WRANGLER Loose Tapered;Wrangler Loose Tapered. Regular Fit, Low Waist. Flared, Mid Wash. Material: 100% Cotton. Verschluss: Knopfleiste. GOTS zertifiziert.;Herrenjeans;32x36;indigo;60,69;60,69;verfuegbar;https://picsum.photos/seed/17-161/400/500;https://belboon-tracking.example.com/out/S17-00161
S17-00162;4679015791780;Tommy Hilfiger Denim;Tommy Hilfiger Denim Relaxed Straight;Tommy Hilfiger Relaxed Straight. Regular Fit, tief sitzend. Flared, hell gewaschen. Material: 100% Baumwolle. Verschluss: Knopfleiste. Bio-Baumwolle. Stretchanteil für hohen Tragekomfort.;Herrenjeans;W 29 L 34;dunkelblau;108,51;108,51;verfuegbar;https://picsum.photos/seed/17-162/400/500;https://belboon-tracking.example.com/out/S17-00162
S17-00163;4708901650662;WRANGLER;WRANGLER Loose Tapered;Wrangler Loose Tapered. gerades Bein, Mid Waist. Schlaghose, destroyed look. Material: 98% Baumwolle, 2% Elasthan. Verschluss: Reißverschluss. Stretchanteil für hohen Tragekomfort.;Herrenjeans;30x36;khaki;68,78;68,78;ausverkauft;https://picsum.photos/seed/17-163/400/500;https://belboon-tracking.example.com/out/S17-00163
S17-00164;4564724038607;Levi's;Levi's Skinny Fit;Levi's Skinny Fit. Baggy Fit, Low Waist. Schlaghose, schwarz. Material: 100% Cotton. Verschluss: Reißverschluss. GOTS zertifiziert. Stretchanteil für hohen Tragekomfort.;Herrenjeans;W36/L30;mittelblau;28,08;48,49;verfuegbar;https://picsum.photos/seed/17-164/400/500;https://belboon-tracking.example.com/out/S17-00164
S17-00165;4955254823682;G-Star;G-Star Bootcut Classic;G-Star Bootcut Classic. weites Hosenbein, Low Waist. Straight Leg, schwarz. Material: 98% Baumwolle, 2% Elasthan. Verschluss: Knopfleiste.;Herrenjeans;W33/L32;dunkelblau;93,33;93,33;auf Lager;https://picsum.photos/seed/17-165/400/500;https://belboon-tracking.example.com/out/S17-00165
S17-00166;;Nudie Jeans;Nudie Jeans Bootcut Classic;Nudie Jeans Bootcut Classic. skinny cut, hohe Bundhöhe. leicht ausgestellt, Raw Denim. Material: 100% Baumwolle. Verschluss: Reißverschluss. Bio-Baumwolle. Stretchanteil für hohen Tragekomfort.;Herrenjeans;34/32;dunkelblau;94,22;139,74;verfuegbar;https://picsum.photos/seed/17-166/400/500;https://belboon-tracking.example.com/out/S17-00166
S17-00167;;JACK JONES;JACK JONES Slim Tapered;Jack & Jones Slim Tapered. Straight Fit, tief sitzend. Tapered Leg, Mid Wash. Material: 100% Baumwolle. Verschluss: Knopfleiste. Bio-Baumwolle.;Herrenjeans;28/34;indigo;41,03;58,10;verfuegbar;https://picsum.photos/seed/17-167/400/500;https://belboon-tracking.example.com/out/S17-00167
S17-00168;4510400981422;REPLAY;REPLAY Loose Tapered;Replay Loose Tapered. Baggy Fit, tief sitzend. Straight Leg, Raw Denim. Material: 80% Baumwolle, 18% Polyester, 2% Elasthan. Verschluss: Knopfleiste. Stretchanteil für hohen Tragekomfort.;Herrenjeans;31x30;indigo;118,86;125,38;verfuegbar;https://picsum.photos/seed/17-168/400/500;https://belboon-tracking.example.com/out/S17-00168
S17-00169;4557351920488;G-Star;G-Star Straight Fit;G-Star Straight Fit. lockere Passform, normale Bundhöhe. gerades Bein, Stonewashed. Material: 98% Baumwolle, 2% Elasthan. Verschluss: Reißverschluss. Stretchanteil für hohen Tragekomfort.;Herrenjeans;W31/L32;hellblau;56,12;108,34;verfuegbar;https://picsum.photos/seed/17-169/400/500;https://belboon-tracking.example.com/out/S17-00169
S17-00170;4017569549462;G-Star RAW;G-Star RAW Skinny Fit;G-Star Skinny Fit. entspannte Passform, Mid Waist. leicht ausgestellt, Light Wash. Material: 100% Baumwolle. Verschluss: Reißverschluss. Bio-Baumwolle.;Herrenjeans;29x30;grau;75,61;75,61;verfuegbar;https://picsum.photos/seed/17-170/400/500;https://belboon-tracking.example.com/out/S17-00170
S17-00171;;Nudie Jeans;Nudie Jeans Wide Leg High Rise;Nudie Jeans Wide Leg High Rise. schmale Passform, tief sitzend. Straight Leg, schwarz. Material: 98% Baumwolle, 2% Elasthan. Verschluss: Reißverschluss. Stretchanteil für hohen Tragekomfort.;Herrenjeans;30/36;schwarz;82,14;100,58;verfuegbar;https://picsum.photos/seed/17-171/400/500;https://belboon-tracking.example.com/out/S17-00171
S17-00172;;WRANGLER;WRANGLER Loose Tapered;Wrangler Loose Tapered. Loose Fit, Mid Waist. gerades Bein, destroyed look. Material: 80% Baumwolle, 18% Polyester, 2% Elasthan. Verschluss: Reißverschluss. Stretchanteil für hohen Tragekomfort.;Herrenjeans;W38/L32;dunkelblau;117,64;141,55;ausverkauft;https://picsum.photos/seed/17-172/400/500;https://belboon-tracking.example.com/out/S17-00172
S17-00173;4151203089262;NUDIE;NUDIE Straight Fit;Nudie Jeans Straight Fit. Skinny Fit, high rise. Bootcut, hell gewaschen. Material: 98% Baumwolle, 2% Elasthan. Verschluss: Reißverschluss.;Herrenjeans;33/34;khaki;77,45;146,09;verfuegbar;https://picsum.photos/seed/17-173/400/500;https://belboon-tracking.example.com/out/S17-00173
S17-00174;4068953380650;WRANGLER;WRANGLER 511 Slim;Wrangler 511 Slim. gerades Bein, normale Bundhöhe. leicht ausgestellt, Dark Wash. Material: 99% Cotton, 1% Elastane. Verschluss: Knopfleiste. Stretchanteil für hohen Tragekomfort.;Herrenjeans;W 31 L 32;indigo;70,97;97,68;verfuegbar;https://picsum.photos/seed/17-174/400/500;https://belboon-tracking.example.com/out/S17-00174
S17-00175;4892035600749;Replay;Replay Straight Fit;Replay Straight Fit. Relaxed Fit, hohe Bundhöhe. Flared, Black Denim. Material: 100% Baumwolle. Verschluss: Knopfleiste. Bio-Baumwolle. Stretchanteil für hohen Tragekomfort.;Herrenjeans;38x34;hellblau;141,63;141,63;verfuegbar;https://picsum.photos/seed/17-175/400/500;https://belboon-tracking.example.com/out/S17-00175
S17-00176;4165340472930;Replay;Replay Athletic Tapered;Replay Athletic Tapered. Relaxed Fit, tief sitzend. verjüngtes Bein, Stonewashed. Material: 98% Baumwolle, 2% Elasthan. Verschluss: Reißverschluss. Stretchanteil für hohen Tragekomfort.;Herrenjeans;W32/L30;grau;66,89;66,89;verfuegbar;https://picsum.photos/seed/17-176/400/500;https://belboon-tracking.example.com/out/S17-00176
S17-00177;4915825875486;LEE Jeans;LEE Jeans Bootcut Classic;Lee Bootcut Classic. weites Hosenbein, high rise. Schlaghose, ungewaschen. Material: 100% Baumwolle. Verschluss: Knopfleiste. Bio-Baumwolle. Stretchanteil für hohen Tragekomfort.;Herrenjeans;W 36 L 30;mittelblau;70,87;70,87;verfuegbar;https://picsum.photos/seed/17-177/400/500;https://belboon-tracking.example.com/out/S17-00177
S17-00178;4286857720526;BOSS;BOSS Skinny Fit;BOSS Skinny Fit. super enge Passform, normale Bundhöhe. gerades Bein, Used Look. Material: 98% Baumwolle, 2% Elasthan. Verschluss: Knopfleiste. Stretchanteil für hohen Tragekomfort.;Herrenjeans;38x36;schwarz;81,12;89,72;ausverkauft;https://picsum.photos/seed/17-178/400/500;https://belboon-tracking.example.com/out/S17-00178
S17-00179;4780993982661;TOMMY HILFIGER;TOMMY HILFIGER Baggy Wide Leg;Tommy Hilfiger Baggy Wide Leg. skinny cut, Mid Waist. Straight Leg, Dark Wash. Material: 100% Baumwolle. Verschluss: Reißverschluss. Bio-Baumwolle. Stretchanteil für hohen Tragekomfort.;Herrenjeans;36/32;schwarz;127,60;127,60;verfuegbar;https://picsum.photos/seed/17-179/400/500;https://belboon-tracking.example.com/out/S17-00179
S17-00180;4730293428814;JACK JONES;JACK JONES Athletic Tapered;Jack & Jones Athletic Tapered. gerades Bein, Low Waist. gerades Bein, mittlere Waschung. Material: 100% Cotton. Verschluss: Knopfleiste. GOTS zertifiziert.;Herrenjeans;W 30 L 36;hellblau;100,46;100,46;verfuegbar;https://picsum.photos/seed/17-180/400/500;https://belboon-tracking.example.com/out/S17-00180
S17-00181;;LEE Jeans;LEE Jeans Bootcut Classic;Lee Bootcut Classic. lockere Passform, Mid Waist. Straight Leg, schwarz. Material: 98% Baumwolle, 2% Elasthan. Verschluss: Knopfleiste.;Herrenjeans;W38/L34;schwarz;31,87;43,98;verfuegbar;https://picsum.photos/seed/17-181/400/500;https://belboon-tracking.example.com/out/S17-00181
S17-00182;4803641276260;G-Star RAW;G-Star RAW 501 Original;G-Star 501 Original. Wide Leg, Low Waist. Straight Leg, destroyed look. Material: 99% Cotton, 1% Elastane. Verschluss: Reißverschluss. Stretchanteil für hohen Tragekomfort.;Herrenjeans;36/34;indigo;121,24;132,50;verfuegbar;https://picsum.photos/seed/17-182/400/500;https://belboon-tracking.example.com/out/S17-00182
S17-00183;4640788288864;Replay;Replay 511 Slim;Replay 511 Slim. super enge Passform, High Waist. Bootcut, Dark Wash. Material: 98% Baumwolle, 2% Elasthan. Verschluss: Knopfleiste.;Herrenjeans;W 31 L 36;grau;55,05;55,05;verfuegbar;https://picsum.photos/seed/17-183/400/500;https://belboon-tracking.example.com/out/S17-00183
S17-00184;4064181423607;Hugo Boss;Hugo Boss 511 Slim;BOSS 511 Slim. schmale Passform, High Waist. Schlaghose, ungewaschen. Material: 100% Baumwolle. Verschluss: Knopfleiste. Bio-Baumwolle. Stretchanteil für hohen Tragekomfort.;Herrenjeans;29/36;dunkelblau;120,25;120,25;verfuegbar;https://picsum.photos/seed/17-184/400/500;https://belboon-tracking.example.com/out/S17-00184
S17-00185;;DIESEL;DIESEL Loose Tapered;Diesel Loose Tapered. skinny cut, hohe Bundhöhe. gerades Bein, used waschung. Material: 98% Baumwolle, 2% Elasthan. Verschluss: Reißverschluss. Stretchanteil für hohen Tragekomfort.;Herrenjeans;W 32 L 34;mittelblau;80,73;90,37;verfuegbar;https://picsum.photos/seed/17-185/400/500;https://belboon-tracking.example.com/out/S17-00185
S17-00186;4957727809913;NUDIE;NUDIE Regular Straight;Nudie Jeans Regular Straight. Skinny Fit, tief sitzend. Flared, Stonewashed. Material: 99% Cotton, 1% Elastane. Verschluss: Knopfleiste. Stretchanteil für hohen Tragekomfort.;Herrenjeans;34/36;schwarz;76,84;136,10;ausverkauft;https://picsum.photos/seed/17-186/400/500;https://belboon-tracking.example.com/out/S17-00186
S17-00187;;DIESEL;DIESEL Baggy Wide Leg;Diesel Baggy Wide Leg. schmale Passform, tief sitzend. Flared, hell gewaschen. Material: 99% Cotton, 1% Elastane. Verschluss: Reißverschluss.;Herrenjeans;34x32;schwarz;74,66;132,94;verfuegbar;https://picsum.photos/seed/17-187/400/500;https://belboon-tracking.example.com/out/S17-00187
S17-00188;4917579197707;NUDIE;NUDIE Regular Straight;Nudie Jeans Regular Straight. Skinny Fit, high rise. Schlaghose, hell gewaschen. Material: 100% Cotton. Verschluss: Knopfleiste. GOTS zertifiziert. Stretchanteil für hohen Tragekomfort.;Herrenjeans;36/36;mittelblau;25,21;44,29;verfuegbar;https://picsum.photos/seed/17-188/400/500;https://belboon-tracking.example.com/out/S17-00188
S17-00189;4637208905072;JACK JONES;JACK JONES Regular Straight;Jack & Jones Regular Straight. weites Bein, hohe Bundhöhe. gerades Bein, hell gewaschen. Material: 100% Baumwolle. Verschluss: Knopfleiste. Bio-Baumwolle.;Herrenjeans;W31/L30;khaki;79,91;85,31;verfuegbar;https://picsum.photos/seed/17-189/400/500;https://belboon-tracking.example.com/out/S17-00189
S17-00190;;Tommy Hilfiger Denim;Tommy Hilfiger Denim 511 Slim;Tommy Hilfiger 511 Slim. klassische Passform, Low Waist. Schlaghose, Black Denim. Material: 100% Cotton. Verschluss: Reißverschluss. GOTS zertifiziert. Stretchanteil für hohen Tragekomfort.;Herrenjeans;W29/L34;schwarz;82,42;82,42;verfuegbar;https://picsum.photos/seed/17-190/400/500;https://belboon-tracking.example.com/out/S17-00190
S17-00191;4562970683848;Lee;Lee Baggy Wide Leg;Lee Baggy Wide Leg. weites Bein, Low Waist. Bootcut, Light Wash. Material: 80% Baumwolle, 18% Polyester, 2% Elasthan. Verschluss: Knopfleiste.;Herrenjeans;W34/L34;khaki;87,39;87,39;verfuegbar;https://picsum.photos/seed/17-191/400/500;https://belboon-tracking.example.com/out/S17-00191
S17-00192;4158154932870;Jack & Jones;Jack & Jones Bootcut Classic;Jack & Jones Bootcut Classic. Regular Fit, tief sitzend. Schlaghose, used waschung. Material: 99% Cotton, 1% Elastane. Verschluss: Knopfleiste. Stretchanteil für hohen Tragekomfort.;Herrenjeans;W 33 L 34;hellblau;99,29;99,29;verfuegbar;https://picsum.photos/seed/17-192/400/500;https://belboon-tracking.example.com/out/S17-00192
S17-00193;;Replay;Replay Baggy Wide Leg;Replay Baggy Wide Leg. super enge Passform, tief sitzend. Tapered Leg, Stonewashed. Material: 100% Cotton. Verschluss: Reißverschluss. GOTS zertifiziert.;Herrenjeans;29/32;dunkelblau;122,37;122,37;verfuegbar;https://picsum.photos/seed/17-193/400/500;https://belboon-tracking.example.com/out/S17-00193
S17-00194;4657076660238;WRANGLER;WRANGLER Loose Tapered;Wrangler Loose Tapered. Loose Fit, tief sitzend. Flared, Used Look. Material: 100% Cotton. Verschluss: Knopfleiste. GOTS zertifiziert. Stretchanteil für hohen Tragekomfort.;Herrenjeans;W 36 L 34;khaki;99,30;99,30;ausverkauft;https://picsum.photos/seed/17-194/400/500;https://belboon-tracking.example.com/out/S17-00194
S17-00195;4757738767999;Tommy Hilfiger;Tommy Hilfiger Skinny Fit;Tommy Hilfiger Skinny Fit. Regular Fit, High Waist. leicht ausgestellt, used waschung. Material: 80% Baumwolle, 18% Polyester, 2% Elasthan. Verschluss: Reißverschluss. Stretchanteil für hohen Tragekomfort.;Herrenjeans;W 30 L 32;dunkelblau;60,43;60,43;verfuegbar;https://picsum.photos/seed/17-195/400/500;https://belboon-tracking.example.com/out/S17-00195
S17-00196;4828972807721;Calvin Klein;Calvin Klein Loose Tapered;Calvin Klein Loose Tapered. Straight Fit, high rise. Flared, Light Wash. Material: 100% Baumwolle. Verschluss: Knopfleiste. Bio-Baumwolle. Stretchanteil für hohen Tragekomfort.;Herrenjeans;28x30;schwarz;30,84;59,38;ausverkauft;https://picsum.photos/seed/17-196/400/500;https://belboon-tracking.example.com/out/S17-00196
S17-00197;;Lee;Lee Straight Fit;Lee Straight Fit. straight leg, high rise. Flared, Light Wash. Material: 100% Cotton. Verschluss: Reißverschluss. GOTS zertifiziert.;Herrenjeans;28/30;khaki;56,02;85,34;ausverkauft;https://picsum.photos/seed/17-197/400/500;https://belboon-tracking.example.com/out/S17-00197
S17-00198;4110489534148;Nudie Jeans;Nudie Jeans Relaxed Straight;Nudie Jeans Relaxed Straight. entspannte Passform, hohe Bundhöhe. Tapered Leg, hell gewaschen. Material: 80% Baumwolle, 18% Polyester, 2% Elasthan. Verschluss: Reißverschluss.;Herrenjeans;28/32;dunkelblau;86,07;86,07;verfuegbar;https://picsum.photos/seed/17-198/400/500;https://belboon-tracking.example.com/out/S17-00198
S17-00199;4833708323053;REPLAY;REPLAY Baggy Wide Leg;Replay Baggy Wide Leg. Slim Fit, normale Bundhöhe. Flared, Mid Wash. Material: 100% Cotton. Verschluss: Knopfleiste. GOTS zertifiziert. Stretchanteil für hohen Tragekomfort.;Herrenjeans;30x34;schwarz;109,38;109,38;verfuegbar;https://picsum.photos/seed/17-199/400/500;https://belboon-tracking.example.com/out/S17-00199
S17-00200;4342464261459;Hugo Boss;Hugo Boss Bootcut Classic;BOSS Bootcut Classic. Relaxed Fit, high rise. gerades Bein, hell gewaschen. Material: 99% Cotton, 1% Elastane. Verschluss: Knopfleiste.;Herrenjeans;W32/L30;grau;63,04;93,65;auf Lager;https://picsum.photos/seed/17-200/400/500;https://belboon-tracking.example.com/out/S17-00200
S17-00201;4740845988598;Lee;Lee Baggy Wide Leg;Lee Baggy Wide Leg. gerades Bein, hohe Bundhöhe. Tapered Leg, Stonewashed. Material: 100% Cotton. Verschluss: Knopfleiste. GOTS zertifiziert. Stretchanteil für hohen Tragekomfort.;Herrenjeans;31x30;grau;100,10;100,10;verfuegbar;https://picsum.photos/seed/17-201/400/500;https://belboon-tracking.example.com/out/S17-00201
S17-00202;4446636489459;Wrangler;Wrangler Baggy Wide Leg;Wrangler Baggy Wide Leg. Relaxed Fit, tief sitzend. verjüngtes Bein, dunkel gewaschen. Material: 80% Baumwolle, 18% Polyester, 2% Elasthan. Verschluss: Knopfleiste.;Herrenjeans;W29/L32;khaki;64,90;99,49;verfuegbar;https://picsum.photos/seed/17-202/400/500;https://belboon-tracking.example.com/out/S17-00202
S17-00203;4307139186627;Wrangler;Wrangler Bootcut Classic;Wrangler Bootcut Classic. weites Hosenbein, Low Waist. Straight Leg, mittlere Waschung. Material: 100% Cotton. Verschluss: Knopfleiste. GOTS zertifiziert. Stretchanteil für hohen Tragekomfort.;Herrenjeans;W 32 L 36;hellblau;109,31;117,85;verfuegbar;https://picsum.photos/seed/17-203/400/500;https://belboon-tracking.example.com/out/S17-00203
S17-00204;;Tommy Hilfiger;Tommy Hilfiger Slim Tapered;Tommy Hilfiger Slim Tapered. Baggy, tief sitzend. Straight Leg, schwarz. Material: 100% Cotton. Verschluss: Reißverschluss. GOTS zertifiziert.;Herrenjeans;W30/L30;dunkelblau;35,15;48,55;verfuegbar;https://picsum.photos/seed/17-204/400/500;https://belboon-tracking.example.com/out/S17-00204
S17-00205;4285635918501;PEPE JEANS LONDON;PEPE JEANS LONDON Slim Tapered;Pepe Jeans Slim Tapered. ausgestelltes Bein, Low Waist. Straight Leg, dunkel gewaschen. Material: 100% Baumwolle. Verschluss: Reißverschluss. Bio-Baumwolle.;Herrenjeans;29x36;dunkelblau;72,98;72,98;verfuegbar;https://picsum.photos/seed/17-205/400/500;https://belboon-tracking.example.com/out/S17-00205
S17-00206;;Levi Strauss & Co.;Levi Strauss & Co. Wide Leg High Rise;Levi's Wide Leg High Rise. klassische Passform, high rise. Straight Leg, ungewaschen. Material: 100% Baumwolle. Verschluss: Knopfleiste. Bio-Baumwolle. Stretchanteil für hohen Tragekomfort.;Herrenjeans;W 34 L 36;schwarz;52,41;101,55;verfuegbar;https://picsum.photos/seed/17-206/400/500;https://belboon-tracking.example.com/out/S17-00206
S17-00207;4517853699751;DIESEL;DIESEL 511 Slim;Diesel 511 Slim. skinny cut, Mid Waist. Tapered Leg, dunkel gewaschen. Material: 99% Cotton, 1% Elastane. Verschluss: Reißverschluss. Stretchanteil für hohen Tragekomfort.;Herrenjeans;W34/L36;indigo;106,08;133,10;verfuegbar;https://picsum.photos/seed/17-207/400/500;https://belboon-tracking.example.com/out/S17-00207
S17-00208;4919673607823;DIESEL;DIESEL Slim Tapered;Diesel Slim Tapered. gerades Bein, high rise. Flared, dunkel gewaschen. Material: 100% Cotton. Verschluss: Reißverschluss. GOTS zertifiziert. Stretchanteil für hohen Tragekomfort.;Herrenjeans;W 34 L 34;grau;92,40;92,40;verfuegbar;https://picsum.photos/seed/17-208/400/500;https://belboon-tracking.example.com/out/S17-00208
S17-00209;4709677298029;DIESEL;DIESEL 511 Slim;Diesel 511 Slim. slim cut, High Waist. Flared, stone washed. Material: 100% Cotton. Verschluss: Reißverschluss. GOTS zertifiziert. Stretchanteil für hohen Tragekomfort.;Herrenjeans;33x34;hellblau;97,45;97,45;verfuegbar;https://picsum.photos/seed/17-209/400/500;https://belboon-tracking.example.com/out/S17-00209
S17-00210;4293866698790;Pepe Jeans;Pepe Jeans Bootcut Classic;Pepe Jeans Bootcut Classic. skinny cut, hohe Bundhöhe. Tapered Leg, ungewaschen. Material: 100% Cotton. Verschluss: Reißverschluss. GOTS zertifiziert. Stretchanteil für hohen Tragekomfort.;Herrenjeans;W28/L34;grau;79,64;115,41;verfuegbar;https://picsum.photos/seed/17-210/400/500;https://belboon-tracking.example.com/out/S17-00210
S17-00211;4841003804746;WRANGLER;WRANGLER Loose Tapered;Wrangler Loose Tapered. Regular Fit, tief sitzend. Schlaghose, mittlere Waschung. Material: 100% Cotton. Verschluss: Knopfleiste. GOTS zertifiziert. Stretchanteil für hohen Tragekomfort.;Herrenjeans;33x30;mittelblau;33,36;56,29;verfuegbar;https://picsum.photos/seed/17-211/400/500;https://belboon-tracking.example.com/out/S17-00211
S17-00212;4882194990000;Tommy Hilfiger;Tommy Hilfiger Relaxed Straight;Tommy Hilfiger Relaxed Straight. Regular Fit, Low Waist. Schlaghose, hell gewaschen. Material: 100% Baumwolle. Verschluss: Knopfleiste. Bio-Baumwolle. Stretchanteil für hohen Tragekomfort.;Herrenjeans;W 29 L 32;khaki;83,34;83,34;verfuegbar;https://picsum.photos/seed/17-212/400/500;https://belboon-tracking.example.com/out/S17-00212
S17-00213;;WRANGLER;WRANGLER Loose Tapered;Wrangler Loose Tapered. straight leg, normale Bundhöhe. Schlaghose, mit Rissen. Material: 98% Baumwolle, 2% Elasthan. Verschluss: Reißverschluss.;Herrenjeans;38x36;hellblau;74,26;74,26;verfuegbar;https://picsum.photos/seed/17-213/400/500;https://belboon-tracking.example.com/out/S17-00213
S17-00214;4020963291163;Levi Strauss & Co.;Levi Strauss & Co. Skinny Fit;Levi's Skinny Fit. extra weit geschnitten, Low Waist. Schlaghose, Black Denim. Material: 100% Cotton. Verschluss: Reißverschluss. GOTS zertifiziert.;Herrenjeans;W 34 L 36;khaki;114,14;142,29;ausverkauft;https://picsum.photos/seed/17-214/400/500;https://belboon-tracking.example.com/out/S17-00214
S17-00215;4160900155143;G-Star;G-Star Bootcut Classic;G-Star Bootcut Classic. Wide Leg, tief sitzend. gerades Bein, schwarz. Material: 98% Baumwolle, 2% Elasthan. Verschluss: Knopfleiste. Stretchanteil für hohen Tragekomfort.;Herrenjeans;36x34;khaki;69,89;132,65;verfuegbar;https://picsum.photos/seed/17-215/400/500;https://belboon-tracking.example.com/out/S17-00215
S17-00216;4260280310717;NUDIE;NUDIE Bootcut Classic;Nudie Jeans Bootcut Classic. Skinny Fit, High Waist. Bootcut, Raw Denim. Material: 100% Baumwolle. Verschluss: Reißverschluss. Bio-Baumwolle. Stretchanteil für hohen Tragekomfort.;Herrenjeans;29x32;khaki;66,12;83,63;verfuegbar;https://picsum.photos/seed/17-216/400/500;https://belboon-tracking.example.com/out/S17-00216
S17-00217;4172666234471;JACK JONES;JACK JONES Slim Tapered;Jack & Jones Slim Tapered. Straight Fit, Low Waist. verjüngtes Bein, mittlere Waschung. Material: 100% Baumwolle. Verschluss: Knopfleiste. Bio-Baumwolle.;Herrenjeans;32x36;hellblau;90,80;131,62;auf Lager;https://picsum.photos/seed/17-217/400/500;https://belboon-tracking.example.com/out/S17-00217
S17-00218;4072443951177;REPLAY;REPLAY Loose Tapered;Replay Loose Tapered. Baggy, Low Waist. gerades Bein, Raw Denim. Material: 80% Baumwolle, 18% Polyester, 2% Elasthan. Verschluss: Knopfleiste. Stretchanteil für hohen Tragekomfort.;Herrenjeans;W28/L36;indigo;26,32;48,96;verfuegbar;https://picsum.photos/seed/17-218/400/500;https://belboon-tracking.example.com/out/S17-00218
S17-00219;;G-Star RAW;G-Star RAW Straight Fit;G-Star Straight Fit. lockere Passform, normale Bundhöhe. Straight Leg, stone washed. Material: 98% Baumwolle, 2% Elasthan. Verschluss: Reißverschluss. Stretchanteil für hohen Tragekomfort.;Herrenjeans;W 38 L 30;dunkelblau;73,60;121,23;ausverkauft;https://picsum.photos/seed/17-219/400/500;https://belboon-tracking.example.com/out/S17-00219
S17-00220;;G STAR;G STAR Skinny Fit;G-Star Skinny Fit. entspannte Passform, Mid Waist. leicht ausgestellt, hell gewaschen. Material: 100% Baumwolle. Verschluss: Reißverschluss. Bio-Baumwolle. Stretchanteil für hohen Tragekomfort.;Herrenjeans;W 30 L 32;hellblau;99,40;111,90;verfuegbar;https://picsum.photos/seed/17-220/400/500;https://belboon-tracking.example.com/out/S17-00220
S17-00221;;Nudie Jeans;Nudie Jeans Wide Leg High Rise;Nudie Jeans Wide Leg High Rise. slim cut, Low Waist. Straight Leg, schwarz. Material: 98% Baumwolle, 2% Elasthan. Verschluss: Reißverschluss.;Herrenjeans;W 32 L 32;schwarz;102,40;117,76;verfuegbar;https://picsum.photos/seed/17-221/400/500;https://belboon-tracking.example.com/out/S17-00221
S17-00222;4331809990646;Wrangler;Wrangler Loose Tapered;Wrangler Loose Tapered. Loose Fit, normale Bundhöhe. Straight Leg, Destroyed. Material: 80% Baumwolle, 18% Polyester, 2% Elasthan. Verschluss: Reißverschluss.;Herrenjeans;33/30;mittelblau;112,38;112,38;verfuegbar;https://picsum.photos/seed/17-222/400/500;https://belboon-tracking.example.com/out/S17-00222
S17-00223;4809477173301;NUDIE;NUDIE Straight Fit;Nudie Jeans Straight Fit. super enge Passform, high rise. leicht ausgestellt, Light Wash. Material: 98% Baumwolle, 2% Elasthan. Verschluss: Reißverschluss.;Herrenjeans;W33/L36;mittelblau;73,80;84,79;ausverkauft;https://picsum.photos/seed/17-223/400/500;https://belboon-tracking.example.com/out/S17-00223
S17-00224;4762155955782;Wrangler;Wrangler 511 Slim;Wrangler 511 Slim. Straight Fit, Mid Waist. leicht ausgestellt, Dark Wash. Material: 99% Cotton, 1% Elastane. Verschluss: Knopfleiste. Stretchanteil für hohen Tragekomfort.;Herrenjeans;W 32 L 30;hellblau;94,26;108,85;verfuegbar;https://picsum.photos/seed/17-224/400/500;https://belboon-tracking.example.com/out/S17-00224
S17-00225;4845978267689;Replay;Replay Straight Fit;Replay Straight Fit. entspannte Passform, hohe Bundhöhe. Schlaghose, schwarz. Material: 100% Baumwolle. Verschluss: Knopfleiste. Bio-Baumwolle.;Herrenjeans;W32/L34;hellblau;58,05;58,05;verfuegbar;https://picsum.photos/seed/17-225/400/500;https://belboon-tracking.example.com/out/S17-00225
S17-00226;4430277938012;REPLAY;REPLAY Athletic Tapered;Replay Athletic Tapered. Relaxed Fit, Low Waist. Tapered Leg, Stonewashed. Material: 98% Baumwolle, 2% Elasthan. Verschluss: Reißverschluss.;Herrenjeans;W 32 L 32;grau;86,06;86,06;verfuegbar;https://picsum.photos/seed/17-226/400/500;https://belboon-tracking.example.com/out/S17-00226
S17-00227;4186263798753;Lee;Lee Bootcut Classic;Lee Bootcut Classic. Wide Leg, high rise. Schlaghose, ungewaschen. Material: 100% Baumwolle. Verschluss: Knopfleiste. Bio-Baumwolle.;Herrenjeans;31/34;grau;33,29;48,05;verfuegbar;https://picsum.photos/seed/17-227/400/500;https://belboon-tracking.example.com/out/S17-00227
S17-00228;4544371827689;Hugo Boss;Hugo Boss Skinny Fit;BOSS Skinny Fit. Skinny Fit, normale Bundhöhe. Straight Leg, Used Look. Material: 98% Baumwolle, 2% Elasthan. Verschluss: Knopfleiste.;Herrenjeans;29/32;schwarz;61,58;71,11;verfuegbar;https://picsum.photos/seed/17-228/400/500;https://belboon-tracking.example.com/out/S17-00228
S17-00229;4679616235830;Tommy Hilfiger Denim;Tommy Hilfiger Denim Baggy Wide Leg;Tommy Hilfiger Baggy Wide Leg. Skinny Fit, normale Bundhöhe. gerades Bein, Dark Wash. Material: 100% Baumwolle. Verschluss: Reißverschluss. Bio-Baumwolle. Stretchanteil für hohen Tragekomfort.;Herrenjeans;31/36;hellblau;54,79;106,83;verfuegbar;https://picsum.photos/seed/17-229/400/500;https://belboon-tracking.example.com/out/S17-00229
